{
  "LevelData": {
    "Time": null,
    "LevelScaleFactor": 1,
    "ParkingSpaceInit": 4,
    "GuestColor": [
      5,
      5,
      5,
      5,
      4,
      4,
      4,
      4,
      3,
      3,
      3,
      3,
      1,
      1,
      1,
      1,
      2,
      2,
      2,
      2,
      3,
      3,
      3,
      3,
      1,
      1,
      1,
      1,
      1,
      1,
      1,
      1,
      3,
      3,
      3,
      3,
      4,
      4,
      4,
      4,
      3,
      3,
      3,
      3,
      4,
      4,
      4,
      4,
      4,
      4,
      4,
      4,
      4,
      4,
      2,
      2,
      2,
      2,
      12,
      12,
      12,
      12,
      3,
      3,
      3,
      3,
      3,
      3,
      15,
      15,
      15,
      15,
      3,
      3,
      3,
      3,
      3,
      3,
      11,
      11,
      11,
      11,
      5,
      5,
      5,
      5,
      5,
      5,
      5,
      5,
      5,
      5,
      5,
      5,
      5,
      5,
      5,
      5,
      5,
      5,
      5,
      5,
      5,
      5,
      15,
      15,
      15,
      15,
      5,
      5,
      5,
      5,
      5,
      5,
      12,
      12,
      12,
      12,
      2,
      2,
      2,
      2,
      2,
      2,
      3,
      3,
      3,
      3,
      3,
      3,
      3,
      3,
      3,
      3,
      4,
      4,
      4,
      4,
      4,
      4,
      4,
      4,
      4,
      4,
      3,
      3,
      3,
      3,
      3,
      3,
      11,
      11,
      11,
      11,
      3,
      3,
      3,
      3,
      2,
      2,
      2,
      2,
      2,
      2,
      1,
      1,
      1,
      1,
      3,
      3,
      3,
      3,
      3,
      3,
      4,
      4,
      4,
      4,
      1,
      1,
      1,
      1,
      1,
      1,
      4,
      4,
      4,
      4,
      2,
      2,
      2,
      2,
      1,
      1,
      1,
      1,
      4,
      4,
      4,
      4,
      4,
      4,
      4,
      4,
      4,
      4,
      4,
      4,
      4,
      4,
      3,
      3,
      3,
      3,
      2,
      2,
      2,
      2
    ],
    "CarInfo": [
      {
        "idCar": 45,
        "carColor": 5,
        "carSize": 0,
        "carPosition": {
          "x": -2.3560271086516202,
          "y": -7.05817554615162,
          "z": 0
        },
        "carDirection": 6
      },
      {
        "idCar": 44,
        "carColor": 4,
        "carSize": 0,
        "carPosition": {
          "x": -2.3570291024667243,
          "y": -6.220440899884259,
          "z": 0
        },
        "carDirection": 6
      },
      {
        "idCar": 43,
        "carColor": 3,
        "carSize": 0,
        "carPosition": {
          "x": -2.356951113100405,
          "y": -5.318574693467881,
          "z": 0
        },
        "carDirection": 6
      },
      {
        "idCar": 42,
        "carColor": 1,
        "carSize": 0,
        "carPosition": {
          "x": -2.357953106915509,
          "y": -4.4808400472005205,
          "z": 0
        },
        "carDirection": 6
      },
      {
        "idCar": 41,
        "carColor": 2,
        "carSize": 0,
        "carPosition": {
          "x": 1.327259205005787,
          "y": -3.6140464500144676,
          "z": 0
        },
        "carDirection": 2
      },
      {
        "idCar": 40,
        "carColor": 3,
        "carSize": 0,
        "carPosition": {
          "x": 1.3328360098379628,
          "y": -2.721706814236111,
          "z": 0
        },
        "carDirection": 2
      },
      {
        "idCar": 39,
        "carColor": 1,
        "carSize": 0,
        "carPosition": {
          "x": 1.3343884503399883,
          "y": -1.8443942599826388,
          "z": 0
        },
        "carDirection": 2
      },
      {
        "idCar": 38,
        "carColor": 1,
        "carSize": 0,
        "carPosition": {
          "x": 1.27598797833478,
          "y": -7.057010791919849,
          "z": 0
        },
        "carDirection": 6
      },
      {
        "idCar": 37,
        "carColor": 3,
        "carSize": 0,
        "carPosition": {
          "x": 1.3329919885706019,
          "y": -0.9179755316840277,
          "z": 0
        },
        "carDirection": 2
      },
      {
        "idCar": 36,
        "carColor": 4,
        "carSize": 0,
        "carPosition": {
          "x": 1.3315949616608795,
          "y": 0.008443196614583332,
          "z": 0
        },
        "carDirection": 2
      },
      {
        "idCar": 35,
        "carColor": 3,
        "carSize": 0,
        "carPosition": {
          "x": 1.2749876799406827,
          "y": -6.2192767107928235,
          "z": 0
        },
        "carDirection": 6
      },
      {
        "idCar": 34,
        "carColor": 4,
        "carSize": 1,
        "carPosition": {
          "x": 2.7132590964988426,
          "y": -6.6700925473813655,
          "z": 0
        },
        "carDirection": 0
      },
      {
        "idCar": 33,
        "carColor": 4,
        "carSize": 0,
        "carPosition": {
          "x": 1.2740631103515625,
          "y": -4.479675858109085,
          "z": 0
        },
        "carDirection": 6
      },
      {
        "idCar": 32,
        "carColor": 2,
        "carSize": 0,
        "carPosition": {
          "x": 1.2750651041666665,
          "y": -5.31740880895544,
          "z": 0
        },
        "carDirection": 6
      },
      {
        "idCar": 31,
        "carColor": 12,
        "carSize": 0,
        "carPosition": {
          "x": -2.7781202528211804,
          "y": -8.120329680266202,
          "z": 0
        },
        "carDirection": 2
      },
      {
        "idCar": 30,
        "carColor": 3,
        "carSize": 1,
        "carPosition": {
          "x": -0.077850341796875,
          "y": -6.6700925473813655,
          "z": 0
        },
        "carDirection": 0
      },
      {
        "idCar": 29,
        "carColor": 15,
        "carSize": 0,
        "carPosition": {
          "x": -1.0084008110894096,
          "y": -6.541518034758391,
          "z": 0
        },
        "carDirection": 0
      },
      {
        "idCar": 28,
        "carColor": 3,
        "carSize": 1,
        "carPosition": {
          "x": 2.7132590964988426,
          "y": -4.989407009548611,
          "z": 0
        },
        "carDirection": 0
      },
      {
        "idCar": 27,
        "carColor": 11,
        "carSize": 0,
        "carPosition": {
          "x": -0.03635434751157407,
          "y": -5.077903464988426,
          "z": 0
        },
        "carDirection": 0
      },
      {
        "idCar": 26,
        "carColor": 5,
        "carSize": 1,
        "carPosition": {
          "x": 2.7132590964988426,
          "y": -3.3724071361400463,
          "z": 0
        },
        "carDirection": 0
      },
      {
        "idCar": 25,
        "carColor": 5,
        "carSize": 1,
        "carPosition": {
          "x": -0.950693201135706,
          "y": -4.423100224247685,
          "z": 0
        },
        "carDirection": 0
      },
      {
        "idCar": 24,
        "carColor": 5,
        "carSize": 2,
        "carPosition": {
          "x": -0.3777409306278935,
          "y": -8.113406711154514,
          "z": 0
        },
        "carDirection": 2
      },
      {
        "idCar": 23,
        "carColor": 15,
        "carSize": 0,
        "carPosition": {
          "x": -1.0074072943793402,
          "y": -2.596055772569444,
          "z": 0
        },
        "carDirection": 0
      },
      {
        "idCar": 22,
        "carColor": 5,
        "carSize": 1,
        "carPosition": {
          "x": 0.000827930591724537,
          "y": -3.2607376663773144,
          "z": 0
        },
        "carDirection": 0
      },
      {
        "idCar": 21,
        "carColor": 12,
        "carSize": 0,
        "carPosition": {
          "x": 2.078495732060185,
          "y": -8.118166888201678,
          "z": 0
        },
        "carDirection": 6
      },
      {
        "idCar": 20,
        "carColor": 2,