{
  "LevelData": {
    "Time": null,
    "LevelScaleFactor": 1,
    "ParkingSpaceInit": 4,
    "GuestColor": [
      5,
      5,
      5,
      5,
      5,
      5,
      1,
      1,
      1,
      1,
      1,
      1,
      1,
      1,
      1,
      1,
      1,
      1,
      5,
      5,
      5,
      5,
      5,
      5,
      5,
      5,
      5,
      5,
      4,
      4,
      4,
      4,
      4,
      4,
      4,
      4,
      4,
      4,
      3,
      3,
      3,
      3,
      3,
      3,
      3,
      3,
      3,
      3,
      6,
      6,
      6,
      6,
      6,
      6,
      6,
      6,
      6,
      6,
      4,
      4,
      4,
      4,
      4,
      4,
      1,
      1,
      1,
      1,
      1,
      1,
      3,
      3,
      3,
      3,
      3,
      3,
      3,
      3,
      3,
      3,
      2,
      2,
      2,
      2,
      2,
      2,
      3,
      3,
      3,
      3,
      3,
      3,
      1,
      1,
      1,
      1,
      1,
      1,
      4,
      4,
      4,
      4,
      4,
      4,
      2,
      2,
      2,
      2,
      2,
      2,
      2,
      2,
      2,
      2,
      2,
      2,
      2,
      2,
      2,
      2,
      4,
      4,
      4,
      4,
      2,
      2,
      2,
      2,
      1,
      1,
      1,
      1,
      4,
      4,
      4,
      4,
      3,
      3,
      3,
      3,
      4,
      4,
      4,
      4,
      3,
      3,
      3,
      3,
      5,
      5,
      5,
      5,
      2,
      2,
      2,
      2,
      5,
      5,
      5,
      5,
      4,
      4,
      4,
      4,
      2,
      2,
      2,
      2,
      2,
      2,
      2,
      2,
      4,
      4,
      4,
      4,
      3,
      3,
      3,
      3,
      3,
      3,
      3,
      3,
      1,
      1,
      1,
      1,
      5,
      5,
      5,
      5,
      1,
      1,
      1,
      1,
      1,
      1,
      1,
      1,
      1,
      1,
      1,
      1,
      2,
      2,
      2,
      2,
      4,
      4,
      4,
      4,
      2,
      2,
      2,
      2,
      3,
      3,
      3,
      3
    ],
    "CarInfo": [
      {
        "idCar": 43,
        "carColor": 5,
        "carSize": 1,
        "carPosition": {
          "x": 1.0449998643663194,
          "y": -6.203964798538773,
          "z": 0
        },
        "carDirection": 1
      },
      {
        "idCar": 42,
        "carColor": 1,
        "carSize": 1,
        "carPosition": {
          "x": -4.2372880158600985,
          "y": -3.6220974392361107,
          "z": 0
        },
        "carDirection": 7
      },
      {
        "idCar": 41,
        "carColor": 1,
        "carSize": 1,
        "carPosition": {
          "x": -0.9792842158564814,
          "y": -0.22598831741898148,
          "z": 0
        },
        "carDirection": 5
      },
      {
        "idCar": 40,
        "carColor": 5,
        "carSize": 2,
        "carPosition": {
          "x": -0.9039549650969328,
          "y": -2.284996880425347,
          "z": 0
        },
        "carDirection": 3,
        "isMysteryCar": true
      },
      {
        "idCar": 39,
        "carColor": 4,
        "carSize": 2,
        "carPosition": {
          "x": 0.9991850676359953,
          "y": -4.113964504665798,
          "z": 0
        },
        "carDirection": 7,
        "isMysteryCar": true
      },
      {
        "idCar": 38,
        "carColor": 3,
        "carSize": 2,
        "carPosition": {
          "x": -1.5819210476345484,
          "y": -4.1180165608723955,
          "z": 0
        },
        "carDirection": 1,
        "isMysteryCar": true
      },
      {
        "idCar": 37,
        "carColor": 6,
        "carSize": 2,
        "carPosition": {
          "x": 1.4814814814814814,
          "y": -2.5084748444733793,
          "z": 0
        },
        "carDirection": 5,
        "isMysteryCar": true
      },
      {
        "idCar": 36,
        "carColor": 4,
        "carSize": 1,
        "carPosition": {
          "x": 1.6683711299189814,
          "y": -0.9275942201967592,
          "z": 0
        },
        "carDirection": 7
      },
      {
        "idCar": 35,
        "carColor": 1,
        "carSize": 1,
        "carPosition": {
          "x": 3.524796097366898,
          "y": -2.0878849735966436,
          "z": 0
        },
        "carDirection": 7
      },
      {
        "idCar": 34,
        "carColor": 3,
        "carSize": 1,
        "carPosition": {
          "x": 0.4069988109447338,
          "y": -0.7809651692708333,
          "z": 0
        },
        "carDirection": 7
      },
      {
        "idCar": 33,
        "carColor": 3,
        "carSize": 0,
        "carPosition": {
          "x": 1.7251852530020253,
          "y": -5.334964893482349,
          "z": 0
        },
        "carDirection": 5
      },
      {
        "idCar": 32,
        "carColor": 2,
        "carSize": 1,
        "carPosition": {
          "x": -3.1515559443721064,
          "y": -2.7939645272714118,
          "z": 0
        },
        "carDirection": 1
      },
      {
        "idCar": 31,
        "carColor": 3,
        "carSize": 1,
        "carPosition": {
          "x": -2.4607659799081305,
          "y": -1.8079099301938657,
          "z": 0
        },
        "carDirection": 1
      },
      {
        "idCar": 30,
        "carColor": 1,
        "carSize": 1,
        "carPosition": {
          "x": 3.118555139612268,
          "y": -3.804149486400463,
          "z": 0
        },
        "carDirection": 5
      },
      {
        "idCar": 29,
        "carColor": 4,
        "carSize": 1,
        "carPosition": {
          "x": -2.517296685112847,
          "y": -5.105780142324942,
          "z": 0
        },
        "carDirection": 3
      },
      {
        "idCar": 28,
        "carColor": 2,
        "carSize": 1,
        "carPosition": {
          "x": 2.482370447229456,
          "y": -4.717149522569444,
          "z": 0
        },
        "carDirection": 5
      },
      {
        "idCar": 27,
        "carColor": 2,
        "carSize": 1,
        "carPosition": {
          "x": -0.7003693757233795,
          "y": -5.622778998480903,
          "z": 0
        },
        "carDirection": 3
      },
      {
        "idCar": 26,
        "carColor": 2,
        "carSize": 0,
        "carPosition": {
          "x": -3.386295742458767,
          "y": -4.284409699616608,
          "z": 0
        },
        "carDirection": 3
      },
      {
        "idCar": 25,
        "carColor": 4,
        "carSize": 0,
        "carPosition": {
          "x": -1.6070307978877314,
          "y": -1.0546140317563657,
          "z": 0
        },
        "carDirection": 1
      },
      {
        "idCar": 24,
        "carColor": 2,
        "carSize": 0,
        "carPosition": {
          "x": 2.4493702076099537,
          "y": -1.6077790436921295,
          "z": 0
        },
        "carDirection": 7
      },
      {
        "idCar": 23,
        "carColor": 1,
        "carSize": 0,
        "carPosition": {
          "x": -3.707000732421875,
          "y": -6.004149825484664,
          "z": 0
        },
        "carDirection": 4
      },
      {
        "idCar": 22,
        "carColor": 4,
        "carSize": 0,
        "carPosition": {
          "x": -0.05500002260561342,
          "y": -7.50378022370515,
          "z": 0
        },
        "carDirection": 4
      },
      {
        "idCar": 21,
        "carColor": 3,
        "carSize": 0,
        "carPosition": {
          "x": 4.214926260489005,
          "y": -5.719964486581308,
          "z": 0
        },
        "carDirection": 6
      },
      {
        "idCar": 20,
        "carColor": 4,
        "carSize": 0,
        "carPosition": {
          "x": 0.220001220703125,
          "y": 0.8378499348958333,
          "z": 0
        },
        "carDirection": 0
      },
      {
        "idCar": 19,
        "carColor": 3,
        "carSize": 0,
        "carPosition": {
          "x": -0.9680011890552661,
          "y": -7.206779762550636,