{
  "LevelData": {
    "Time": null,
    "LevelScaleFactor": 1,
    "ParkingSpaceInit": 4,
    "GuestColor": [
      3,
      3,
      3,
      3,
      15,
      15,
      15,
      15,
      1,
      1,
      1,
      1,
      6,
      6,
      6,
      6,
      4,
      4,
      4,
      4,
      5,
      5,
      5,
      5,
      5,
      5,
      5,
      5,
      5,
      5,
      6,
      6,
      6,
      6,
      6,
      6,
      15,
      15,
      15,
      15,
      12,
      12,
      12,
      12,
      12,
      12,
      12,
      12,
      3,
      3,
      3,
      3,
      3,
      3,
      7,
      7,
      7,
      7,
      7,
      7,
      7,
      7,
      7,
      7,
      7,
      7,
      2,
      2,
      2,
      2,
      2,
      2,
      3,
      3,
      3,
      3,
      4,
      4,
      4,
      4,
      4,
      4,
      7,
      7,
      7,
      7,
      4,
      4,
      4,
      4,
      4,
      4,
      1,
      1,
      1,
      1,
      2,
      2,
      2,
      2,
      15,
      15,
      15,
      15,
      4,
      4,
      4,
      4,
      4,
      4,
      4,
      4,
      4,
      4,
      1,
      1,
      1,
      1,
      3,
      3,
      3,
      3,
      3,
      3,
      3,
      3,
      3,
      3,
      1,
      1,
      1,
      1,
      2,
      2,
      2,
      2,
      2,
      2,
      2,
      2,
      2,
      2,
      2,
      2,
      2,
      2,
      2,
      2,
      2,
      2,
      2,
      2,
      2,
      2,
      2,
      2,
      1,
      1,
      1,
      1,
      4,
      4,
      4,
      4,
      2,
      2,
      2,
      2,
      2,
      2,
      2,
      2,
      2,
      2,
      1,
      1,
      1,
      1,
      1,
      1,
      3,
      3,
      3,
      3,
      7,
      7,
      7,
      7,
      7,
      7,
      7,
      7,
      7,
      7,
      1,
      1,
      1,
      1,
      1,
      1,
      1,
      1,
      1,
      1,
      4,
      4,
      4,
      4,
      4,
      4,
      4,
      4,
      4,
      4,
      2,
      2,
      2,
      2,
      2,
      2
    ],
    "CarInfo": [
      {
        "idCar": 42,
        "carColor": 3,
        "carSize": 0,
        "carPosition": {
          "x": 0.16542392306857637,
          "y": -5.571952537254051,
          "z": 0
        },
        "carDirection": 0
      },
      {
        "idCar": 41,
        "carColor": 15,
        "carSize": 0,
        "carPosition": {
          "x": -1.9720961959273726,
          "y": -5.571566546404803,
          "z": 0
        },
        "carDirection": 2
      },
      {
        "idCar": 40,
        "carColor": 1,
        "carSize": 0,
        "carPosition": {
          "x": -1.936675742820457,
          "y": -4.532452618634259,
          "z": 0
        },
        "carDirection": 0
      },
      {
        "idCar": 39,
        "carColor": 6,
        "carSize": 0,
        "carPosition": {
          "x": 1.0085743091724537,
          "y": -5.606601856372974,
          "z": 0
        },
        "carDirection": 0
      },
      {
        "idCar": 38,
        "carColor": 4,
        "carSize": 0,
        "carPosition": {
          "x": -0.8971755416304976,
          "y": -4.532452618634259,
          "z": 0
        },
        "carDirection": 0
      },
      {
        "idCar": 37,
        "carColor": 5,
        "carSize": 2,
        "carPosition": {
          "x": -5.522183171025029,
          "y": -4.867403383608218,
          "z": 0
        },
        "carDirection": 4
      },
      {
        "idCar": 36,
        "carColor": 6,
        "carSize": 1,
        "carPosition": {
          "x": -3.312281290690104,
          "y": -3.1926529495804394,
          "z": 0
        },
        "carDirection": 6
      },
      {
        "idCar": 35,
        "carColor": 15,
        "carSize": 0,
        "carPosition": {
          "x": -2.8876334296332464,
          "y": -6.721594351309316,
          "z": 0
        },
        "carDirection": 6
      },
      {
        "idCar": 34,
        "carColor": 12,
        "carSize": 0,
        "carPosition": {
          "x": 0.5003741229021991,
          "y": -4.23215173791956,
          "z": 0
        },
        "carDirection": 6
      },
      {
        "idCar": 33,
        "carColor": 12,
        "carSize": 0,
        "carPosition": {
          "x": -1.3942113805700231,
          "y": -3.1926529495804394,
          "z": 0
        },
        "carDirection": 6
      },
      {
        "idCar": 32,
        "carColor": 3,
        "carSize": 1,
        "carPosition": {
          "x": -0.35509632251880785,
          "y": -6.773150973849826,
          "z": 0
        },
        "carDirection": 6
      },
      {
        "idCar": 31,
        "carColor": 7,
        "carSize": 1,
        "carPosition": {
          "x": 0.4079742431640625,
          "y": -3.1926529495804394,
          "z": 0
        },
        "carDirection": 6
      },
      {
        "idCar": 30,
        "carColor": 7,
        "carSize": 1,
        "carPosition": {
          "x": 1.5052235921223958,
          "y": -6.773150973849826,
          "z": 0
        },
        "carDirection": 6
      },
      {
        "idCar": 29,
        "carColor": 2,
        "carSize": 1,
        "carPosition": {
          "x": 1.8748242413556133,
          "y": -5.387152212637442,
          "z": 0
        },
        "carDirection": 0
      },
      {
        "idCar": 28,
        "carColor": 3,
        "carSize": 0,
        "carPosition": {
          "x": 2.9031598126446756,
          "y": -6.703852335611979,
          "z": 0
        },
        "carDirection": 0
      },
      {
        "idCar": 27,
        "carColor": 4,
        "carSize": 1,
        "carPosition": {
          "x": 1.8748242413556133,
          "y": -3.6546517831307868,
          "z": 0
        },
        "carDirection": 0
      },
      {
        "idCar": 26,
        "carColor": 7,
        "carSize": 0,
        "carPosition": {
          "x": 2.962962962962963,
          "y": -5.240112869827835,
          "z": 0
        },
        "carDirection": 0
      },
      {
        "idCar": 25,
        "carColor": 4,
        "carSize": 1,
        "carPosition": {
          "x": 2.9493589048032405,
          "y": -3.666588677300347,
          "z": 0
        },
        "carDirection": 0
      },
      {
        "idCar": 24,
        "carColor": 1,
        "carSize": 0,
        "carPosition": {
          "x": 0.4433944137008102,
          "y": -2.291751437717014,
          "z": 0
        },
        "carDirection": 2
      },
      {
        "idCar": 23,
        "carColor": 2,
        "carSize": 0,
        "carPosition": {
          "x": 2.4407738579644094,
          "y": 0.28466796875,
          "z": 0
        },
        "carDirection": 0
      },
      {
        "idCar": 22,
        "carColor": 15,
        "carSize": 0,
        "carPosition": {
          "x": 0.06262941713686342,
          "y": -7.78955078125,
          "z": 0
        },
        "carDirection": 2
      },
      {
        "idCar": 20,
        "carColor": 4,
        "carSize": 2,
        "carPosition": {
          "x": -4.785294144241898,
          "y": -7.787625348126446,
          "z": 0
        },
        "carDirection": 2
      },
      {
        "idCar": 19,
        "carColor": 1,
        "carSize": 0,
        "carPosition": {
          "x": -2.2712407995153354,
          "y": 0.1576187698929398,
          "z": 0
        },
        "carDirection": 0
      },
      {
        "idCar": 18,
        "carColor": 3,
        "carSize": 0,
        "carPosition": {
          "x": -0.8063162344473379,
          "y": -0.8610930266203703,
          "z": 0
        },
        "carDirection": 0
      },
      {
        "idCar": 17,
        "carColor": 3,
        "carSize": 1,
        "carPosition": {
          "x": -1.3703409830729165,
          "y": -2.2455534758391202,
          "z": 0
        },
        "carDirection": 2
      },
      {
        "idCar": 16,
        "carColor": 1,