{
  "LevelData": {
    "Time": null,
    "LevelScaleFactor": 1,
    "ParkingSpaceInit": 4,
    "GuestColor": [
      2,
      2,
      2,
      2,
      2,
      2,
      4,
      4,
      4,
      4,
      4,
      4,
      4,
      4,
      4,
      4,
      1,
      1,
      1,
      1,
      1,
      1,
      1,
      1,
      1,
      1,
      7,
      7,
      7,
      7,
      7,
      7,
      7,
      7,
      7,
      7,
      3,
      3,
      3,
      3,
      1,
      1,
      1,
      1,
      1,
      1,
      2,
      2,
      2,
      2,
      2,
      2,
      2,
      2,
      2,
      2,
      4,
      4,
      4,
      4,
      1,
      1,
      1,
      1,
      2,
      2,
      2,
      2,
      2,
      2,
      2,
      2,
      2,
      2,
      2,
      2,
      2,
      2,
      2,
      2,
      2,
      2,
      2,
      2,
      2,
      2,
      2,
      2,
      1,
      1,
      1,
      1,
      3,
      3,
      3,
      3,
      3,
      3,
      3,
      3,
      3,
      3,
      1,
      1,
      1,
      1,
      4,
      4,
      4,
      4,
      4,
      4,
      4,
      4,
      4,
      4,
      5,
      5,
      5,
      5,
      5,
      5,
      5,
      5,
      5,
      5,
      2,
      2,
      2,
      2,
      1,
      1,
      1,
      1,
      4,
      4,
      4,
      4,
      4,
      4,
      7,
      7,
      7,
      7,
      4,
      4,
      4,
      4,
      4,
      4,
      3,
      3,
      3,
      3,
      2,
      2,
      2,
      2,
      2,
      2,
      7,
      7,
      7,
      7,
      7,
      7,
      7,
      7,
      7,
      7,
      7,
      7,
      3,
      3,
      3,
      3,
      3,
      3,
      6,
      6,
      6,
      6,
      6,
      6,
      5,
      5,
      5,
      5,
      6,
      6,
      6,
      6,
      6,
      6,
      6,
      6,
      6,
      6,
      6,
      6,
      6,
      6,
      6,
      6,
      5,
      5,
      5,
      5,
      5,
      5,
      5,
      5,
      5,
      5,
      4,
      4,
      4,
      4,
      6,
      6,
      6,
      6,
      1,
      1,
      1,
      1,
      2,
      2,
      2,
      2,
      2,
      2,
      2,
      2,
      2,
      2,
      3,
      3,
      3,
      3
    ],
    "CarInfo": [
      {
        "idCar": 1,
        "carColor": 2,
        "carSize": 1,
        "carPosition": {
          "x": 4.085648148148148,
          "y": -6.47304450141059,
          "z": 0
        },
        "carDirection": 6
      },
      {
        "idCar": 2,
        "carColor": 4,
        "carSize": 0,
        "carPosition": {
          "x": -3.5612222177010993,
          "y": -0.3303708676938657,
          "z": 0
        },
        "carDirection": 0
      },
      {
        "idCar": 3,
        "carColor": 4,
        "carSize": 1,
        "carPosition": {
          "x": 2.1464035599320024,
          "y": -7.708510222258391,
          "z": 0
        },
        "carDirection": 6
      },
      {
        "idCar": 4,
        "carColor": 1,
        "carSize": 2,
        "carPosition": {
          "x": 5.309562400535301,
          "y": -4.901859989872685,
          "z": 0
        },
        "carDirection": 4
      },
      {
        "idCar": 6,
        "carColor": 7,
        "carSize": 2,
        "carPosition": {
          "x": 2.573368778935185,
          "y": -2.1645089608651618,
          "z": 0
        },
        "carDirection": 6
      },
      {
        "idCar": 7,
        "carColor": 3,
        "carSize": 0,
        "carPosition": {
          "x": -3.976251672815393,
          "y": -5.721524839048032,
          "z": 0
        },
        "carDirection": 2
      },
      {
        "idCar": 8,
        "carColor": 1,
        "carSize": 1,
        "carPosition": {
          "x": -2.3018869470666954,
          "y": -7.708510222258391,
          "z": 0
        },
        "carDirection": 2
      },
      {
        "idCar": 9,
        "carColor": 2,
        "carSize": 2,
        "carPosition": {
          "x": -3.699436611599392,
          "y": -2.210709183304398,
          "z": 0
        },
        "carDirection": 2
      },
      {
        "idCar": 10,
        "carColor": 4,
        "carSize": 0,
        "carPosition": {
          "x": -0.06080175329137731,
          "y": 1.240814208984375,
          "z": 0
        },
        "carDirection": 0
      },
      {
        "idCar": 11,
        "carColor": 1,
        "carSize": 0,
        "carPosition": {
          "x": 3.5566587094907405,
          "y": -0.2060173882378472,
          "z": 0
        },
        "carDirection": 0
      },
      {
        "idCar": 12,
        "carColor": 2,
        "carSize": 0,
        "carPosition": {
          "x": 0.5113112838179976,
          "y": -0.7034380877459491,
          "z": 0
        },
        "carDirection": 0
      },
      {
        "idCar": 13,
        "carColor": 2,
        "carSize": 1,
        "carPosition": {
          "x": 4.259282995153356,
          "y": -3.0885100188078702,
          "z": 0
        },
        "carDirection": 6
      },
      {
        "idCar": 14,
        "carColor": 2,
        "carSize": 0,
        "carPosition": {
          "x": -1.1703722918475115,
          "y": 0.8731395580150463,
          "z": 0
        },
        "carDirection": 0
      },
      {
        "idCar": 15,
        "carColor": 2,
        "carSize": 2,
        "carPosition": {
          "x": 4.578066225405093,
          "y": -7.695032755533854,
          "z": 0
        },
        "carDirection": 6
      },
      {
        "idCar": 16,
        "carColor": 1,
        "carSize": 0,
        "carPosition": {
          "x": 1.1507930049189814,
          "y": 0.9077894422743055,
          "z": 0
        },
        "carDirection": 0
      },
      {
        "idCar": 17,
        "carColor": 3,
        "carSize": 1,
        "carPosition": {
          "x": -1.4814520941840277,
          "y": -2.1529608832465277,
          "z": 0
        },
        "carDirection": 2
      },
      {
        "idCar": 18,
        "carColor": 3,
        "carSize": 0,
        "carPosition": {
          "x": -0.9174273455584491,
          "y": -0.7685004340277778,
          "z": 0
        },
        "carDirection": 0
      },
      {
        "idCar": 19,
        "carColor": 1,
        "carSize": 0,
        "carPosition": {
          "x": -2.3823519106264466,
          "y": 0.2502113624855324,
          "z": 0
        },
        "carDirection": 0
      },
      {
        "idCar": 20,
        "carColor": 4,
        "carSize": 2,
        "carPosition": {
          "x": -4.526034884982638,
          "y": -7.695032755533854,
          "z": 0
        },
        "carDirection": 2
      },
      {
        "idCar": 22,
        "carColor": 5,
        "carSize": 2,
        "carPosition": {
          "x": -0.04848169397424768,
          "y": -7.6969581886574066,
          "z": 0
        },
        "carDirection": 2
      },
      {
        "idCar": 23,
        "carColor": 2,
        "carSize": 0,
        "carPosition": {
          "x": 2.3296627468532987,
          "y": 0.37726056134259256,
          "z": 0
        },
        "carDirection": 0
      },
      {
        "idCar": 24,
        "carColor": 1,
        "carSize": 0,
        "carPosition": {
          "x": 0.33228330258969907,
          "y": -2.1991588451244213,
          "z": 0
        },
        "carDirection": 2
      },
      {
        "idCar": 25,
        "carColor": 4,
        "carSize": 1,
        "carPosition": {
          "x": 2.8382477936921293,
          "y": -3.5739960847077543,
          "z": 0
        },
        "carDirection": 0
      },
      {
        "idCar": 26,
        "carColor": 7,
        "carSize": 0,
        "carPosition": {
          "x": 2.7689485903139466,
          "y": -5.237194485134548,
          "z": 0
        },
        "carDirection": 0
      },
      {
        "idCar": 27,
        "carColor": 4,
        "carSize": 1,