{
  "LevelData": {
    "Time": null,
    "LevelScaleFactor": 1,
    "ParkingSpaceInit": 4,
    "GuestColor": [
      9,
      9,
      9,
      9,
      9,
      9,
      15,
      15,
      15,
      15,
      15,
      15,
      15,
      15,
      1,
      1,
      1,
      1,
      1,
      1,
      1,
      1,
      1,
      1,
      3,
      3,
      3,
      3,
      3,
      3,
      3,
      3,
      3,
      3,
      3,
      3,
      3,
      3,
      6,
      6,
      6,
      6,
      6,
      6,
      2,
      2,
      2,
      2,
      1,
      1,
      1,
      1,
      1,
      1,
      1,
      1,
      1,
      1,
      3,
      3,
      3,
      3,
      3,
      3,
      15,
      15,
      15,
      15,
      2,
      2,
      2,
      2,
      2,
      2,
      1,
      1,
      1,
      1,
      4,
      4,
      4,
      4,
      4,
      4,
      4,
      4,
      4,
      4,
      2,
      2,
      2,
      2,
      2,
      2,
      1,
      1,
      1,
      1,
      1,
      1,
      1,
      1,
      1,
      1,
      1,
      1,
      2,
      2,
      2,
      2,
      4,
      4,
      4,
      4,
      4,
      4,
      3,
      3,
      3,
      3,
      3,
      3,
      3,
      3,
      4,
      4,
      4,
      4,
      4,
      4,
      4,
      4,
      4,
      4,
      2,
      2,
      2,
      2,
      1,
      1,
      1,
      1,
      4,
      4,
      4,
      4,
      4,
      4,
      2,
      2,
      2,
      2,
      1,
      1,
      1,
      1,
      1,
      1,
      4,
      4,
      4,
      4,
      3,
      3,
      3,
      3,
      1,
      1,
      1,
      1,
      3,
      3,
      3,
      3,
      3,
      3,
      4,
      4,
      4,
      4,
      3,
      3,
      3,
      3,
      3,
      3,
      4,
      4,
      4,
      4,
      4,
      4,
      4,
      4
    ],
    "CarInfo": [
      {
        "idCar": 1,
        "carColor": 4,
        "carSize": 0,
        "carPosition": {
          "x": -4.541185167100694,
          "y": -3.4097041377314814,
          "z": 0
        },
        "carDirection": 1
      },
      {
        "idCar": 2,
        "carColor": 4,
        "carSize": 0,
        "carPosition": {
          "x": -5.129740820990668,
          "y": -6.509888260452835,
          "z": 0
        },
        "carDirection": 1
      },
      {
        "idCar": 3,
        "carColor": 3,
        "carSize": 1,
        "carPosition": {
          "x": 2.207370334201389,
          "y": -1.1107030797887731,
          "z": 0
        },
        "carDirection": 0
      },
      {
        "idCar": 4,
        "carColor": 4,
        "carSize": 0,
        "carPosition": {
          "x": 4.49911046911169,
          "y": -6.5117034912109375,
          "z": 0
        },
        "carDirection": 7
      },
      {
        "idCar": 5,
        "carColor": 3,
        "carSize": 1,
        "carPosition": {
          "x": -5.056370629204644,
          "y": -4.256703129521123,
          "z": 0
        },
        "carDirection": 1
      },
      {
        "idCar": 6,
        "carColor": 1,
        "carSize": 0,
        "carPosition": {
          "x": -4.8601851286711515,
          "y": -5.595073558666088,
          "z": 0
        },
        "carDirection": 1
      },
      {
        "idCar": 7,
        "carColor": 3,
        "carSize": 0,
        "carPosition": {
          "x": 4.097555655020255,
          "y": -5.543703432436343,
          "z": 0
        },
        "carDirection": 7
      },
      {
        "idCar": 8,
        "carColor": 4,
        "carSize": 0,
        "carPosition": {
          "x": -0.9699260570384838,
          "y": -0.3501112196180555,
          "z": 0
        },
        "carDirection": 0
      },
      {
        "idCar": 9,
        "carColor": 1,
        "carSize": 1,
        "carPosition": {
          "x": 5.111369945384838,
          "y": -2.250961868851273,
          "z": 0
        },
        "carDirection": 7
      },
      {
        "idCar": 10,
        "carColor": 2,
        "carSize": 0,
        "carPosition": {
          "x": -4.697000009042245,
          "y": -1.8513330530237269,
          "z": 0
        },
        "carDirection": 1
      },
      {
        "idCar": 11,
        "carColor": 4,
        "carSize": 1,
        "carPosition": {
          "x": 0,
          "y": 1.479851616753472,
          "z": 0
        },
        "carDirection": 6
      },
      {
        "idCar": 12,
        "carColor": 1,
        "carSize": 0,
        "carPosition": {
          "x": 3.6831857186776618,
          "y": -4.6967038755063655,
          "z": 0
        },
        "carDirection": 7
      },
      {
        "idCar": 13,
        "carColor": 2,
        "carSize": 0,
        "carPosition": {
          "x": -3.5291852597837092,
          "y": -6.36507331000434,
          "z": 0
        },
        "carDirection": 1
      },
      {
        "idCar": 14,
        "carColor": 4,
        "carSize": 1,
        "carPosition": {
          "x": 1.109185112847222,
          "y": -0.48370361328125,
          "z": 0
        },
        "carDirection": 0
      },
      {
        "idCar": 15,
        "carColor": 4,
        "carSize": 0,
        "carPosition": {
          "x": 2.9407405146846064,
          "y": -6.498889499240451,
          "z": 0
        },
        "carDirection": 7
      },
      {
        "idCar": 16,
        "carColor": 3,
        "carSize": 0,
        "carPosition": {
          "x": -3.6685556482385704,
          "y": -7.246888337311921,
          "z": 0
        },
        "carDirection": 1
      },
      {
        "idCar": 17,
        "carColor": 3,
        "carSize": 0,
        "carPosition": {
          "x": 3.386296025028935,
          "y": -7.444889209888599,
          "z": 0
        },
        "carDirection": 7
      },
      {
        "idCar": 18,
        "carColor": 4,
        "carSize": 1,
        "carPosition": {
          "x": -3.5291852597837092,
          "y": -5.222888522677951,
          "z": 0
        },
        "carDirection": 1
      },
      {
        "idCar": 19,
        "carColor": 2,
        "carSize": 0,
        "carPosition": {
          "x": 2.3741850676359952,
          "y": -5.826073540581597,
          "z": 0
        },
        "carDirection": 7
      },
      {
        "idCar": 20,
        "carColor": 1,
        "carSize": 1,
        "carPosition": {
          "x": 3.747369836877893,
          "y": -3.4023324471932868,
          "z": 0
        },
        "carDirection": 7
      },
      {
        "idCar": 21,
        "carColor": 1,
        "carSize": 1,
        "carPosition": {
          "x": -3.144185384114583,
          "y": -4.364888509114583,
          "z": 0
        },
        "carDirection": 1
      },
      {
        "idCar": 22,
        "carColor": 2,
        "carSize": 1,
        "carPosition": {
          "x": -3.409999988697193,
          "y": -2.947704173900463,
          "z": 0
        },
        "carDirection": 1
      },
      {
        "idCar": 23,
        "carColor": 4,
        "carSize": 2,
        "carPosition": {
          "x": -1.4850000452112269,
          "y": -7.95088873969184,
          "z": 0
        },
        "carDirection": 2
      },
      {
        "idCar": 24,
        "carColor": 1,
        "carSize": 0,
        "carPosition": {
          "x": 0.8011853253399884,
          "y": -8.038889001916955,
          "z": 0
        },
        "carDirection": 6
      },
      {
        "idCar": 25,
        "carColor": 2,
        "carSize": 1,
        "carPosition": {
          "x": 2.39437018500434,
          "y": -4.53170324254919,
          "z": 0
        },
        "carDirection": 7
      },
      {
        "idCar": 26,
        "carColor": 15,
        "carSize": 0,
        "carPosition": {
          "x": -0.02199978298611111,
          "y": -0.08033243815104166,
          "z": 0
        },
        "carDirection": 0
      },
      {
        "idCar": 27,
        "carColor": 3,
        "carSize": 1,