{
  "LevelData": {
    "Time": null,
    "LevelScaleFactor": 1,
    "ParkingSpaceInit": 4,
    "GuestColor": [
      4,
      4,
      4,
      4,
      5,
      5,
      5,
      5,
      7,
      7,
      7,
      7,
      7,
      7,
      6,
      6,
      6,
      6,
      6,
      6,
      6,
      6,
      6,
      6,
      5,
      5,
      5,
      5,
      5,
      5,
      10,
      10,
      10,
      10,
      2,
      2,
      2,
      2,
      2,
      2,
      10,
      10,
      10,
      10,
      9,
      9,
      9,
      9,
      9,
      9,
      9,
      9,
      9,
      9,
      9,
      9,
      2,
      2,
      2,
      2,
      2,
      2,
      2,
      2,
      2,
      2,
      2,
      2,
      7,
      7,
      7,
      7,
      7,
      7,
      9,
      9,
      9,
      9,
      9,
      9,
      1,
      1,
      1,
      1,
      1,
      1,
      7,
      7,
      7,
      7,
      7,
      7,
      6,
      6,
      6,
      6,
      6,
      6,
      3,
      3,
      3,
      3,
      3,
      3,
      3,
      3,
      3,
      3,
      4,
      4,
      4,
      4,
      4,
      4,
      10,
      10,
      10,
      10,
      4,
      4,
      4,
      4,
      4,
      4,
      4,
      4,
      4,
      4,
      2,
      2,
      2,
      2,
      2,
      2,
      2,
      2,
      2,
      2,
      2,
      2,
      2,
      2,
      4,
      4,
      4,
      4,
      4,
      4,
      4,
      4,
      4,
      4,
      3,
      3,
      3,
      3,
      3,
      3,
      3,
      3,
      3,
      3,
      3,
      3,
      3,
      3,
      3,
      3,
      1,
      1,
      1,
      1,
      1,
      1,
      1,
      1,
      1,
      1,
      3,
      3,
      3,
      3,
      10,
      10,
      10,
      10,
      4,
      4,
      4,
      4,
      4,
      4,
      1,
      1,
      1,
      1,
      1,
      1,
      1,
      1,
      2,
      2,
      2,
      2,
      2,
      2,
      2,
      2,
      2,
      2,
      5,
      5,
      5,
      5,
      3,
      3,
      3,
      3,
      3,
      3,
      4,
      4,
      4,
      4,
      1,
      1,
      1,
      1,
      1,
      1,
      3,
      3,
      3,
      3,
      2,
      2,
      2,
      2,
      2,
      2
    ],
    "CarInfo": [
      {
        "idCar": 1,
        "carColor": 2,
        "carSize": 1,
        "carPosition": {
          "x": 0.10559986255787036,
          "y": 1.1251333731192128,
          "z": 0
        },
        "carDirection": 0
      },
      {
        "idCar": 2,
        "carColor": 3,
        "carSize": 0,
        "carPosition": {
          "x": 4.321295844184028,
          "y": -5.547630027488426,
          "z": 0
        },
        "carDirection": 4
      },
      {
        "idCar": 3,
        "carColor": 1,
        "carSize": 1,
        "carPosition": {
          "x": -0.9331851535373263,
          "y": 0.8835189254195601,
          "z": 0
        },
        "carDirection": 0
      },
      {
        "idCar": 4,
        "carColor": 4,
        "carSize": 0,
        "carPosition": {
          "x": 3.3529120551215277,
          "y": -6.7338160762080435,
          "z": 0
        },
        "carDirection": 4
      },
      {
        "idCar": 5,
        "carColor": 3,
        "carSize": 1,
        "carPosition": {
          "x": -1.175899929470486,
          "y": -2.7299815990306713,
          "z": 0
        },
        "carDirection": 2,
        "isTwoWayCar": true
      },
      {
        "idCar": 6,
        "carColor": 5,
        "carSize": 0,
        "carPosition": {
          "x": -4.706955803765191,
          "y": -0.2648824055989583,
          "z": 0
        },
        "carDirection": 2
      },
      {
        "idCar": 7,
        "carColor": 2,
        "carSize": 2,
        "carPosition": {
          "x": -3.8669408162434893,
          "y": -7.986497101960358,
          "z": 0
        },
        "carDirection": 2
      },
      {
        "idCar": 8,
        "carColor": 1,
        "carSize": 0,
        "carPosition": {
          "x": -1.5422001591435184,
          "y": -0.6267813223379629,
          "z": 0
        },
        "carDirection": 0
      },
      {
        "idCar": 9,
        "carColor": 1,
        "carSize": 0,
        "carPosition": {
          "x": 4.915296766493055,
          "y": -1.605889214409722,
          "z": 0
        },
        "carDirection": 0
      },
      {
        "idCar": 10,
        "carColor": 4,
        "carSize": 1,
        "carPosition": {
          "x": -2.8431144996925637,
          "y": 0.8824180320457176,
          "z": 0
        },
        "carDirection": 0
      },
      {
        "idCar": 11,
        "carColor": 10,
        "carSize": 0,
        "carPosition": {
          "x": -2.4500851101345487,
          "y": -0.6267813223379629,
          "z": 0
        },
        "carDirection": 0
      },
      {
        "idCar": 12,
        "carColor": 3,
        "carSize": 0,
        "carPosition": {
          "x": 1.1602817111545138,
          "y": -8.081756591796875,
          "z": 0
        },
        "carDirection": 2
      },
      {
        "idCar": 13,
        "carColor": 1,
        "carSize": 0,
        "carPosition": {
          "x": -4.706955803765191,
          "y": -0.9754819516782407,
          "z": 0
        },
        "carDirection": 2
      },
      {
        "idCar": 14,
        "carColor": 1,
        "carSize": 1,
        "carPosition": {
          "x": -3.8851999353479454,
          "y": 1.1251333731192128,
          "z": 0
        },
        "carDirection": 0
      },
      {
        "idCar": 15,
        "carColor": 3,
        "carSize": 2,
        "carPosition": {
          "x": -3.378484937879774,
          "y": -1.8103807237413194,
          "z": 0
        },
        "carDirection": 2
      },
      {
        "idCar": 16,
        "carColor": 3,
        "carSize": 1,
        "carPosition": {
          "x": 0.8833555998625578,
          "y": -7.167382134331596,
          "z": 0
        },
        "carDirection": 6
      },
      {
        "idCar": 17,
        "carColor": 4,
        "carSize": 2,
        "carPosition": {
          "x": -0.9921999330873842,
          "y": -7.986497101960358,
          "z": 0
        },
        "carDirection": 2
      },
      {
        "idCar": 18,
        "carColor": 2,
        "carSize": 0,
        "carPosition": {
          "x": 2.7974667019314237,
          "y": -7.896571406611689,
          "z": 0
        },
        "carDirection": 2
      },
      {
        "idCar": 19,
        "carColor": 2,
        "carSize": 2,
        "carPosition": {
          "x": -0.7212151421440972,
          "y": -1.8103807237413194,
          "z": 0
        },
        "carDirection": 2
      },
      {
        "idCar": 20,
        "carColor": 4,
        "carSize": 0,
        "carPosition": {
          "x": -0.5870146574797453,
          "y": -0.6267813223379629,
          "z": 0
        },
        "carDirection": 0
      },
      {
        "idCar": 21,
        "carColor": 4,
        "carSize": 1,
        "carPosition": {
          "x": -2.891185336642795,
          "y": -2.7299815990306713,
          "z": 0
        },
        "carDirection": 6,
        "isTwoWayCar": true
      },
      {
        "idCar": 22,
        "carColor": 10,
        "carSize": 0,
        "carPosition": {
          "x": -3.372270372178819,
          "y": -0.6267813223379629,
          "z": 0
        },
        "carDirection": 0
      },
      {
        "idCar": 23,
        "carColor": 4,
        "carSize": 1,
        "carPosition": {
          "x": -0.963215015552662,
          "y": -7.167382134331596,
          "z": 0
        },
        "carDirection": 6
      },
      {
        "idCar": 24,
        "carColor": 3,
        "carSize": 2,
        "carPosition": {
          "x": -4.798199971516927,
          "y": -5.521781638816551,
          "z": 0
        },
        "carDirection": 0
      },
      {
        "idCar": 25,
        "carColor": 6,