{
  "LevelData": {
    "Time": null,
    "LevelScaleFactor": 1,
    "ParkingSpaceInit": 4,
    "GuestColor": [
      2,
      2,
      2,
      2,
      2,
      2,
      2,
      2,
      2,
      2,
      2,
      2,
      1,
      1,
      1,
      1,
      1,
      1,
      1,
      1,
      1,
      1,
      5,
      5,
      5,
      5,
      5,
      5,
      5,
      5,
      5,
      5,
      5,
      5,
      5,
      5,
      5,
      5,
      2,
      2,
      2,
      2,
      4,
      4,
      4,
      4,
      4,
      4,
      3,
      3,
      3,
      3,
      2,
      2,
      2,
      2,
      2,
      2,
      2,
      2,
      2,
      2,
      2,
      2,
      2,
      2,
      2,
      2,
      4,
      4,
      4,
      4,
      4,
      4,
      3,
      3,
      3,
      3,
      3,
      3,
      2,
      2,
      2,
      2,
      2,
      2,
      4,
      4,
      4,
      4,
      4,
      4,
      3,
      3,
      3,
      3,
      2,
      2,
      2,
      2,
      2,
      2,
      1,
      1,
      1,
      1,
      1,
      1,
      1,
      1,
      1,
      1,
      1,
      1,
      4,
      4,
      4,
      4,
      4,
      4,
      4,
      4,
      4,
      4,
      4,
      4,
      4,
      4,
      4,
      4,
      4,
      4,
      4,
      4,
      4,
      4,
      4,
      4,
      4,
      4,
      1,
      1,
      1,
      1,
      1,
      1,
      1,
      1,
      1,
      1,
      3,
      3,
      3,
      3,
      3,
      3,
      3,
      3,
      3,
      3,
      2,
      2,
      2,
      2,
      2,
      2,
      2,
      2,
      2,
      2,
      1,
      1,
      1,
      1,
      1,
      1,
      3,
      3,
      3,
      3,
      3,
      3,
      3,
      3,
      3,
      3,
      1,
      1,
      1,
      1,
      1,
      1,
      1,
      1,
      1,
      1,
      4,
      4,
      4,
      4,
      2,
      2,
      2,
      2,
      2,
      2,
      2,
      2,
      2,
      2,
      4,
      4,
      4,
      4,
      4,
      4,
      4,
      4,
      4,
      4,
      1,
      1,
      1,
      1,
      1,
      1,
      2,
      2,
      2,
      2,
      2,
      2,
      2,
      2,
      2,
      2
    ],
    "CarInfo": [
      {
        "idCar": 32,
        "carColor": 2,
        "carSize": 1,
        "carPosition": {
          "x": -3.69781494140625,
          "y": -3.8262396918402777,
          "z": 0
        },
        "carDirection": 6
      },
      {
        "idCar": 31,
        "carColor": 2,
        "carSize": 1,
        "carPosition": {
          "x": 1.9381442599826388,
          "y": -3.8783252857349533,
          "z": 0
        },
        "carDirection": 4
      },
      {
        "idCar": 30,
        "carColor": 1,
        "carSize": 2,
        "carPosition": {
          "x": 0.9254297327112267,
          "y": -3.681041576244213,
          "z": 0
        },
        "carDirection": 4,
        "isTwoWayCar": true
      },
      {
        "idCar": 29,
        "carColor": 5,
        "carSize": 2,
        "carPosition": {
          "x": -0.06308492024739583,
          "y": -3.7052408854166665,
          "z": 0
        },
        "carDirection": 4
      },
      {
        "idCar": 28,
        "carColor": 5,
        "carSize": 1,
        "carPosition": {
          "x": 3.0392444751880787,
          "y": -3.902524594907407,
          "z": 0
        },
        "carDirection": 4,
        "isTwoWayCar": true
      },
      {
        "idCar": 27,
        "carColor": 2,
        "carSize": 0,
        "carPosition": {
          "x": 3.1313148781105324,
          "y": -5.245625813802083,
          "z": 0
        },
        "carDirection": 2
      },
      {
        "idCar": 26,
        "carColor": 4,
        "carSize": 1,
        "carPosition": {
          "x": -1.1121001066984952,
          "y": -3.9909114131221064,
          "z": 0
        },
        "carDirection": 4
      },
      {
        "idCar": 25,
        "carColor": 3,
        "carSize": 0,
        "carPosition": {
          "x": 1.5861997251157407,
          "y": -5.205641004774305,
          "z": 0
        },
        "carDirection": 6,
        "isTwoWayCar": true
      },
      {
        "idCar": 24,
        "carColor": 2,
        "carSize": 2,
        "carPosition": {
          "x": 1.473614728009259,
          "y": -6.1625852231626155,
          "z": 0
        },
        "carDirection": 6
      },
      {
        "idCar": 23,
        "carColor": 2,
        "carSize": 1,
        "carPosition": {
          "x": 1.0501149495442708,
          "y": -1.5467099790219907,
          "z": 0
        },
        "carDirection": 0,
        "isTwoWayCar": true
      },
      {
        "idCar": 22,
        "carColor": 4,
        "carSize": 1,
        "carPosition": {
          "x": -2.2231179696542243,
          "y": -3.9638423213252314,
          "z": 0
        },
        "carDirection": 4
      },
      {
        "idCar": 21,
        "carColor": 3,
        "carSize": 1,
        "carPosition": {
          "x": -1.1242003264250577,
          "y": -2.227996826171875,
          "z": 0
        },
        "carDirection": 0,
        "isTwoWayCar": true
      },
      {
        "idCar": 20,
        "carColor": 2,
        "carSize": 1,
        "carPosition": {
          "x": -0.02678539134837963,
          "y": -1.5467099790219907,
          "z": 0
        },
        "carDirection": 0
      },
      {
        "idCar": 19,
        "carColor": 4,
        "carSize": 1,
        "carPosition": {
          "x": 3.0150440357349537,
          "y": -2.0633262351707176,
          "z": 0
        },
        "carDirection": 0
      },
      {
        "idCar": 18,
        "carColor": 3,
        "carSize": 0,
        "carPosition": {
          "x": -0.34138545283564814,
          "y": -5.205641004774305,
          "z": 0
        },
        "carDirection": 2,
        "isTwoWayCar": true
      },
      {
        "idCar": 17,
        "carColor": 2,
        "carSize": 1,
        "carPosition": {
          "x": -3.225914849175347,
          "y": -2.483140733506944,
          "z": 0
        },
        "carDirection": 0,
        "isTwoWayCar": true
      },
      {
        "idCar": 16,
        "carColor": 1,
        "carSize": 1,
        "carPosition": {
          "x": 2.050729822229456,
          "y": -2.0633262351707176,
          "z": 0
        },
        "carDirection": 0
      },
      {
        "idCar": 15,
        "carColor": 1,
        "carSize": 1,
        "carPosition": {
          "x": -2.213200321903935,
          "y": -2.312695538556134,
          "z": 0
        },
        "carDirection": 0,
        "isTwoWayCar": true
      },
      {
        "idCar": 14,
        "carColor": 4,
        "carSize": 2,
        "carPosition": {
          "x": 1.497815167462384,
          "y": -7.339968646014178,
          "z": 0
        },
        "carDirection": 2
      },
      {
        "idCar": 13,
        "carColor": 4,
        "carSize": 1,
        "carPosition": {
          "x": -4.166029753508391,
          "y": -2.4952415183738426,
          "z": 0
        },
        "carDirection": 0
      },
      {
        "idCar": 12,
        "carColor": 4,
        "carSize": 2,
        "carPosition": {
          "x": -1.0999998869719327,
          "y": -0.13838026258680555,
          "z": 0
        },
        "carDirection": 0
      },
      {
        "idCar": 11,
        "carColor": 1,
        "carSize": 2,
        "carPosition": {
          "x": -3.225915131745515,
          "y": -0.2809414333767361,
          "z": 0
        },
        "carDirection": 0
      },
      {
        "idCar": 10,
        "carColor": 3,
        "carSize": 2,
        "carPosition": {
          "x": 3.9870187264901618,
          "y": -3.451741536458333,
          "z": 0
        },
        "carDirection": 4
      },
      {
        "idCar": 9,
        "carColor": 2,
        "carSize": 2,
        "carPosition": {
          "x": 2.805659541377315,