{
  "LevelData": {
    "Time": null,
    "LevelScaleFactor": 1,
    "ParkingSpaceInit": 4,
    "GuestColor": [
      4,
      4,
      4,
      4,
      4,
      4,
      7,
      7,
      7,
      7,
      7,
      7,
      6,
      6,
      6,
      6,
      6,
      6,
      6,
      6,
      6,
      6,
      4,
      4,
      4,
      4,
      4,
      4,
      9,
      9,
      9,
      9,
      9,
      9,
      5,
      5,
      5,
      5,
      5,
      5,
      5,
      5,
      5,
      5,
      3,
      3,
      3,
      3,
      3,
      3,
      5,
      5,
      5,
      5,
      5,
      5,
      5,
      5,
      5,
      5,
      4,
      4,
      4,
      4,
      4,
      4,
      9,
      9,
      9,
      9,
      9,
      9,
      4,
      4,
      4,
      4,
      4,
      4,
      1,
      1,
      1,
      1,
      1,
      1,
      1,
      1,
      5,
      5,
      5,
      5,
      5,
      5,
      5,
      5,
      5,
      5,
      1,
      1,
      1,
      1,
      1,
      1,
      1,
      1,
      1,
      1,
      1,
      1,
      1,
      1,
      3,
      3,
      3,
      3,
      3,
      3,
      3,
      3,
      3,
      3,
      4,
      4,
      4,
      4,
      4,
      4,
      4,
      4,
      4,
      4,
      6,
      6,
      6,
      6,
      1,
      1,
      1,
      1,
      2,
      2,
      2,
      2,
      9,
      9,
      9,
      9,
      9,
      9,
      7,
      7,
      7,
      7,
      7,
      7,
      7,
      7,
      7,
      7,
      1,
      1,
      1,
      1,
      4,
      4,
      4,
      4,
      4,
      4,
      1,
      1,
      1,
      1,
      1,
      1,
      1,
      1,
      1,
      1,
      4,
      4,
      4,
      4,
      4,
      4,
      2,
      2,
      2,
      2,
      2,
      2,
      2,
      2,
      2,
      2,
      3,
      3,
      3,
      3,
      3,
      3,
      2,
      2,
      2,
      2,
      1,
      1,
      1,
      1,
      3,
      3,
      3,
      3,
      3,
      3,
      3,
      3,
      3,
      3,
      2,
      2,
      2,
      2,
      2,
      2,
      2,
      2,
      4,
      4,
      4,
      4,
      3,
      3,
      3,
      3,
      3,
      3,
      3,
      3,
      3,
      3
    ],
    "CarInfo": [
      {
        "idCar": 1,
        "carColor": 3,
        "carSize": 2,
        "carPosition": {
          "x": -1.8998921712239583,
          "y": -1.778778076171875,
          "z": 0
        },
        "carDirection": 0
      },
      {
        "idCar": 2,
        "carColor": 4,
        "carSize": 0,
        "carPosition": {
          "x": -0.017242431640625,
          "y": -7.923376012731481,
          "z": 0
        },
        "carDirection": 6
      },
      {
        "idCar": 3,
        "carColor": 2,
        "carSize": 0,
        "carPosition": {
          "x": 1.6509648075810184,
          "y": -7.099476001880786,
          "z": 0
        },
        "carDirection": 6
      },
      {
        "idCar": 4,
        "carColor": 2,
        "carSize": 0,
        "carPosition": {
          "x": 0.14561292860243055,
          "y": 0.33448734989872686,
          "z": 0
        },
        "carDirection": 2
      },
      {
        "idCar": 5,
        "carColor": 3,
        "carSize": 2,
        "carPosition": {
          "x": 2.385157267252604,
          "y": 0.3341030544704861,
          "z": 0
        },
        "carDirection": 6
      },
      {
        "idCar": 6,
        "carColor": 1,
        "carSize": 0,
        "carPosition": {
          "x": 4.535768862123843,
          "y": 1.4182614926938657,
          "z": 0
        },
        "carDirection": 6
      },
      {
        "idCar": 7,
        "carColor": 2,
        "carSize": 0,
        "carPosition": {
          "x": 2.419807151511863,
          "y": -0.5205982349537037,
          "z": 0
        },
        "carDirection": 6
      },
      {
        "idCar": 8,
        "carColor": 3,
        "carSize": 1,
        "carPosition": {
          "x": 4.000616002965856,
          "y": -5.221833405671296,
          "z": 0
        },
        "carDirection": 4
      },
      {
        "idCar": 9,
        "carColor": 2,
        "carSize": 2,
        "carPosition": {
          "x": -3.817192642777054,
          "y": -3.9270765516493054,
          "z": 0
        },
        "carDirection": 0
      },
      {
        "idCar": 10,
        "carColor": 4,
        "carSize": 1,
        "carPosition": {
          "x": -4.7180924592194735,
          "y": -5.07129810474537,
          "z": 0
        },
        "carDirection": 0
      },
      {
        "idCar": 11,
        "carColor": 1,
        "carSize": 2,
        "carPosition": {
          "x": -2.823892381456163,
          "y": -2.8764128508391202,
          "z": 0
        },
        "carDirection": 0
      },
      {
        "idCar": 12,
        "carColor": 4,
        "carSize": 1,
        "carPosition": {
          "x": 2.7894072356047452,
          "y": 1.3158512821903934,
          "z": 0
        },
        "carDirection": 6
      },
      {
        "idCar": 13,
        "carColor": 1,
        "carSize": 0,
        "carPosition": {
          "x": 4.060292561848958,
          "y": -6.805338541666666,
          "z": 0
        },
        "carDirection": 4
      },
      {
        "idCar": 14,
        "carColor": 7,
        "carSize": 2,
        "carPosition": {
          "x": 3.0681107132523144,
          "y": -5.596986558702256,
          "z": 0
        },
        "carDirection": 4
      },
      {
        "idCar": 15,
        "carColor": 9,
        "carSize": 1,
        "carPosition": {
          "x": -0.006407561125578704,
          "y": -7.089962429470486,
          "z": 0
        },
        "carDirection": 6
      },
      {
        "idCar": 16,
        "carColor": 2,
        "carSize": 0,
        "carPosition": {
          "x": 3.3214778193721064,
          "y": -3.511662235966435,
          "z": 0
        },
        "carDirection": 4
      },
      {
        "idCar": 17,
        "carColor": 1,
        "carSize": 0,
        "carPosition": {
          "x": 0.10980733235677083,
          "y": -0.8316774721498842,
          "z": 0
        },
        "carDirection": 0
      },
      {
        "idCar": 18,
        "carColor": 6,
        "carSize": 0,
        "carPosition": {
          "x": -3.794092248987268,
          "y": -6.098477398907696,
          "z": 0
        },
        "carDirection": 0
      },
      {
        "idCar": 19,
        "carColor": 4,
        "carSize": 2,
        "carPosition": {
          "x": 4.280127631293403,
          "y": -2.8737160011574074,
          "z": 0
        },
        "carDirection": 0
      },
      {
        "idCar": 20,
        "carColor": 3,
        "carSize": 1,
        "carPosition": {
          "x": -1.7847776059751157,
          "y": -7.807490596064814,
          "z": 0
        },
        "carDirection": 6
      },
      {
        "idCar": 21,
        "carColor": 3,
        "carSize": 0,
        "carPosition": {
          "x": 1.7502927426938657,
          "y": -6.168547453703703,
          "z": 0
        },
        "carDirection": 6
      },
      {
        "idCar": 22,
        "carColor": 1,
        "carSize": 2,
        "carPosition": {
          "x": -2.3041424221462674,
          "y": -7.161463419596354,
          "z": 0
        },
        "carDirection": 2
      },
      {
        "idCar": 23,
        "carColor": 1,
        "carSize": 0,
        "carPosition": {
          "x": 1.1503454137731481,
          "y": -4.090395326967593,
          "z": 0
        },
        "carDirection": 4
      },
      {
        "idCar": 24,
        "carColor": 5,
        "carSize": 2,
        "carPosition": {
          "x": -2.853592484085648,
          "y": -5.3757781982421875,
          "z": 0
        },
        "carDirection": 4
      },
      {
        "idCar": 25,
        "carColor": 1,
        "carSize": 0,
        "carPosition": {
          "x": 0.17949252658420137,