{
  "LevelData": {
    "Time": null,
    "LevelScaleFactor": 1,
    "ParkingSpaceInit": 4,
    "GuestColor": [
      3,
      3,
      3,
      3,
      3,
      3,
      4,
      4,
      4,
      4,
      4,
      4,
      2,
      2,
      2,
      2,
      2,
      2,
      2,
      2,
      2,
      2,
      1,
      1,
      1,
      1,
      1,
      1,
      1,
      1,
      1,
      1,
      2,
      2,
      2,
      2,
      2,
      2,
      3,
      3,
      3,
      3,
      3,
      3,
      1,
      1,
      1,
      1,
      3,
      3,
      3,
      3,
      3,
      3,
      2,
      2,
      2,
      2,
      2,
      2,
      2,
      2,
      2,
      2,
      6,
      6,
      6,
      6,
      6,
      6,
      3,
      3,
      3,
      3,
      3,
      3,
      1,
      1,
      1,
      1,
      6,
      6,
      6,
      6,
      6,
      6,
      2,
      2,
      2,
      2,
      2,
      2,
      2,
      2,
      2,
      2,
      4,
      4,
      4,
      4,
      2,
      2,
      2,
      2,
      2,
      2,
      2,
      2,
      2,
      2,
      3,
      3,
      3,
      3,
      3,
      3,
      7,
      7,
      7,
      7,
      7,
      7,
      7,
      7,
      7,
      7,
      8,
      8,
      8,
      8,
      8,
      8,
      8,
      8,
      8,
      8,
      1,
      1,
      1,
      1,
      1,
      1,
      1,
      1,
      1,
      1,
      2,
      2,
      2,
      2,
      5,
      5,
      5,
      5,
      5,
      5,
      4,
      4,
      4,
      4,
      4,
      4,
      6,
      6,
      6,
      6,
      6,
      6,
      4,
      4,
      4,
      4,
      4,
      4,
      4,
      4,
      4,
      4,
      6,
      6,
      6,
      6,
      6,
      6,
      6,
      6,
      6,
      6,
      1,
      1,
      1,
      1,
      8,
      8,
      8,
      8,
      8,
      8,
      8,
      8,
      8,
      8,
      5,
      5,
      5,
      5,
      5,
      5,
      5,
      5,
      5,
      5,
      3,
      3,
      3,
      3,
      3,
      3,
      3,
      3,
      3,
      3,
      2,
      2,
      2,
      2,
      2,
      2,
      2,
      2,
      2,
      2
    ],
    "CarInfo": [
      {
        "idCar": 1,
        "carColor": 3,
        "carSize": 1,
        "carPosition": {
          "x": -5.201185155797887,
          "y": -4.923778392650463,
          "z": 0
        },
        "carDirection": 0
      },
      {
        "idCar": 2,
        "carColor": 4,
        "carSize": 1,
        "carPosition": {
          "x": -3.5307258323386863,
          "y": -1.7868528012876157,
          "z": 0
        },
        "carDirection": 2
      },
      {
        "idCar": 3,
        "carColor": 2,
        "carSize": 2,
        "carPosition": {
          "x": 1.0974149350766782,
          "y": -0.23365162037037035,
          "z": 0
        },
        "carDirection": 0
      },
      {
        "idCar": 4,
        "carColor": 1,
        "carSize": 2,
        "carPosition": {
          "x": 3.2222855179398144,
          "y": -0.23365162037037035,
          "z": 0
        },
        "carDirection": 0
      },
      {
        "idCar": 5,
        "carColor": 2,
        "carSize": 1,
        "carPosition": {
          "x": -5.262511076750578,
          "y": -3.1486522533275463,
          "z": 0
        },
        "carDirection": 0
      },
      {
        "idCar": 6,
        "carColor": 3,
        "carSize": 1,
        "carPosition": {
          "x": 2.152700353551794,
          "y": 0.018248381438078703,
          "z": 0
        },
        "carDirection": 0
      },
      {
        "idCar": 7,
        "carColor": 1,
        "carSize": 0,
        "carPosition": {
          "x": 0.19981497305410878,
          "y": -0.5768523039641203,
          "z": 0
        },
        "carDirection": 0
      },
      {
        "idCar": 8,
        "carColor": 3,
        "carSize": 1,
        "carPosition": {
          "x": -3.8222257826063366,
          "y": -2.7361518012152777,
          "z": 0
        },
        "carDirection": 2
      },
      {
        "idCar": 9,
        "carColor": 2,
        "carSize": 2,
        "carPosition": {
          "x": -1.3119704635054976,
          "y": -1.816552056206597,
          "z": 0
        },
        "carDirection": 2
      },
      {
        "idCar": 10,
        "carColor": 6,
        "carSize": 1,
        "carPosition": {
          "x": 2.152700353551794,
          "y": -1.5877516004774304,
          "z": 0
        },
        "carDirection": 0
      },
      {
        "idCar": 11,
        "carColor": 3,
        "carSize": 1,
        "carPosition": {
          "x": -2.0464409722222223,
          "y": -2.677851924189815,
          "z": 0
        },
        "carDirection": 2
      },
      {
        "idCar": 12,
        "carColor": 1,
        "carSize": 0,
        "carPosition": {
          "x": 0.8268150047019676,
          "y": -1.8550516764322915,
          "z": 0
        },
        "carDirection": 2
      },
      {
        "idCar": 13,
        "carColor": 6,
        "carSize": 1,
        "carPosition": {
          "x": -0.34875544795283564,
          "y": -2.677851924189815,
          "z": 0
        },
        "carDirection": 2
      },
      {
        "idCar": 14,
        "carColor": 2,
        "carSize": 1,
        "carPosition": {
          "x": -4.203926086425781,
          "y": -3.9978513364438655,
          "z": 0
        },
        "carDirection": 0
      },
      {
        "idCar": 15,
        "carColor": 2,
        "carSize": 0,
        "carPosition": {
          "x": 1.2924442997685184,
          "y": -2.70975183557581,
          "z": 0
        },
        "carDirection": 2
      },
      {
        "idCar": 16,
        "carColor": 4,
        "carSize": 0,
        "carPosition": {
          "x": 4.45318603515625,
          "y": -0.1166664406105324,
          "z": 0
        },
        "carDirection": 2
      },
      {
        "idCar": 17,
        "carColor": 2,
        "carSize": 2,
        "carPosition": {
          "x": -3.244999920880353,
          "y": -5.889851888020833,
          "z": 0
        },
        "carDirection": 0
      },
      {
        "idCar": 18,
        "carColor": 3,
        "carSize": 1,
        "carPosition": {
          "x": 4.303970902054398,
          "y": -1.3101671006944444,
          "z": 0
        },
        "carDirection": 0
      },
      {
        "idCar": 19,
        "carColor": 7,
        "carSize": 2,
        "carPosition": {
          "x": 3.453999837239583,
          "y": -2.666850902416088,
          "z": 0
        },
        "carDirection": 2
      },
      {
        "idCar": 20,
        "carColor": 8,
        "carSize": 2,
        "carPosition": {
          "x": -2.143185085720486,
          "y": -4.50935137713397,
          "z": 0
        },
        "carDirection": 2
      },
      {
        "idCar": 21,
        "carColor": 1,
        "carSize": 2,
        "carPosition": {
          "x": -2.328370553475839,
          "y": -3.6117519802517357,
          "z": 0
        },
        "carDirection": 2
      },
      {
        "idCar": 22,
        "carColor": 2,
        "carSize": 0,
        "carPosition": {
          "x": 5.3863706235532405,
          "y": -2.35885168004919,
          "z": 0
        },
        "carDirection": 0
      },
      {
        "idCar": 23,
        "carColor": 5,
        "carSize": 1,
        "carPosition": {
          "x": -0.0483997486255787,
          "y": -3.5314511899594905,
          "z": 0
        },
        "carDirection": 2
      },
      {
        "idCar": 24,
        "carColor": 4,
        "carSize": 1,
        "carPosition": {
          "x": 0.06820000542534722,
          "y": -4.437852082429108,
          "z": 0
        },
        "carDirection": 2
      },
      {
        "idCar": 25,
        "carColor": 6,
        "carSize": 1,
        "carPosition": {
          "x": 1.8003703929759838,
          "y": -3.535851372612847,
          "z": 0
        },