{
  "LevelData": {
    "Time": null,
    "LevelScaleFactor": 1,
    "ParkingSpaceInit": 4,
    "GuestColor": [
      6,
      6,
      6,
      6,
      6,
      6,
      1,
      1,
      1,
      1,
      1,
      1,
      2,
      2,
      2,
      2,
      2,
      2,
      5,
      5,
      5,
      5,
      5,
      5,
      1,
      1,
      1,
      1,
      1,
      1,
      1,
      1,
      1,
      1,
      6,
      6,
      6,
      6,
      6,
      6,
      15,
      15,
      15,
      15,
      3,
      3,
      3,
      3,
      3,
      3,
      4,
      4,
      4,
      4,
      4,
      4,
      2,
      2,
      2,
      2,
      2,
      2,
      1,
      1,
      1,
      1,
      1,
      1,
      2,
      2,
      2,
      2,
      2,
      2,
      14,
      14,
      14,
      14,
      14,
      14,
      15,
      15,
      15,
      15,
      1,
      1,
      1,
      1,
      1,
      1,
      4,
      4,
      4,
      4,
      4,
      4,
      15,
      15,
      15,
      15,
      2,
      2,
      2,
      2,
      2,
      2,
      4,
      4,
      4,
      4,
      4,
      4,
      3,
      3,
      3,
      3,
      3,
      3,
      3,
      3,
      3,
      3,
      2,
      2,
      2,
      2,
      2,
      2,
      5,
      5,
      5,
      5,
      5,
      5,
      4,
      4,
      4,
      4,
      4,
      4,
      3,
      3,
      3,
      3,
      3,
      3,
      3,
      3,
      3,
      3,
      2,
      2,
      2,
      2,
      2,
      2,
      4,
      4,
      4,
      4,
      4,
      4,
      4,
      4,
      4,
      4,
      1,
      1,
      1,
      1,
      1,
      1,
      1,
      1,
      1,
      1,
      1,
      1,
      1,
      1,
      1,
      1,
      2,
      2,
      2,
      2,
      2,
      2,
      4,
      4,
      4,
      4,
      4,
      4,
      4,
      4,
      4,
      4,
      1,
      1,
      1,
      1,
      1,
      1,
      1,
      1,
      1,
      1,
      2,
      2,
      2,
      2,
      2,
      2,
      15,
      15,
      15,
      15,
      2,
      2,
      2,
      2,
      2,
      2,
      2,
      2,
      2,
      2
    ],
    "CarInfo": [
      {
        "idCar": 36,
        "carColor": 6,
        "carSize": 1,
        "carPosition": {
          "x": -3.6242260403103295,
          "y": -8.143095793547452,
          "z": 0
        },
        "carDirection": 6
      },
      {
        "idCar": 35,
        "carColor": 1,
        "carSize": 1,
        "carPosition": {
          "x": -1.4300000226056133,
          "y": -8.273667512116608,
          "z": 0
        },
        "carDirection": 6
      },
      {
        "idCar": 34,
        "carColor": 2,
        "carSize": 1,
        "carPosition": {
          "x": -1.059629652235243,
          "y": -7.126037032515914,
          "z": 0
        },
        "carDirection": 0
      },
      {
        "idCar": 33,
        "carColor": 5,
        "carSize": 1,
        "carPosition": {
          "x": -2.130314862286603,
          "y": -7.087480333116319,
          "z": 0
        },
        "carDirection": 0
      },
      {
        "idCar": 32,
        "carColor": 1,
        "carSize": 2,
        "carPosition": {
          "x": -5.472281844527632,
          "y": -7.962750470196759,
          "z": 0
        },
        "carDirection": 7
      },
      {
        "idCar": 31,
        "carColor": 6,
        "carSize": 1,
        "carPosition": {
          "x": -1.428185356987847,
          "y": -5.927036426685474,
          "z": 0
        },
        "carDirection": 6
      },
      {
        "idCar": 30,
        "carColor": 15,
        "carSize": 0,
        "carPosition": {
          "x": -3.510155571831597,
          "y": -6.354936387803819,
          "z": 0
        },
        "carDirection": 7
      },
      {
        "idCar": 29,
        "carColor": 3,
        "carSize": 1,
        "carPosition": {
          "x": 1.5179997196903934,
          "y": -8.273667512116608,
          "z": 0
        },
        "carDirection": 6
      },
      {
        "idCar": 28,
        "carColor": 4,
        "carSize": 1,
        "carPosition": {
          "x": 1.1476293493200231,
          "y": -7.126037032515914,
          "z": 0
        },
        "carDirection": 0
      },
      {
        "idCar": 27,
        "carColor": 2,
        "carSize": 1,
        "carPosition": {
          "x": 2.2150155526620368,
          "y": -7.087480333116319,
          "z": 0
        },
        "carDirection": 0
      },
      {
        "idCar": 26,
        "carColor": 1,
        "carSize": 1,
        "carPosition": {
          "x": 3.3407558865017357,
          "y": -8.143095793547452,
          "z": 0
        },
        "carDirection": 6
      },
      {
        "idCar": 25,
        "carColor": 2,
        "carSize": 1,
        "carPosition": {
          "x": 1.4127852828414351,
          "y": -5.927036426685474,
          "z": 0
        },
        "carDirection": 6
      },
      {
        "idCar": 24,
        "carColor": 14,
        "carSize": 1,
        "carPosition": {
          "x": 5.25074146412037,
          "y": -7.8713152850115735,
          "z": 0
        },
        "carDirection": 1,
        "timeCarCoolDown": 30,
        "numCarRemainingCallCoolDown": 14
      },
      {
        "idCar": 23,
        "carColor": 15,
        "carSize": 0,
        "carPosition": {
          "x": 3.6740553114149304,
          "y": -6.397837320963541,
          "z": 0
        },
        "carDirection": 1
      },
      {
        "idCar": 22,
        "carColor": 1,
        "carSize": 1,
        "carPosition": {
          "x": -1.0871853298611112,
          "y": -3.705037434895833,
          "z": 0
        },
        "carDirection": 0
      },
      {
        "idCar": 21,
        "carColor": 4,
        "carSize": 1,
        "carPosition": {
          "x": -2.1853705512152777,
          "y": -3.705037434895833,
          "z": 0
        },
        "carDirection": 0
      },
      {
        "idCar": 20,
        "carColor": 15,
        "carSize": 0,
        "carPosition": {
          "x": -2.1267406322337963,
          "y": -4.806851987485532,
          "z": 0
        },
        "carDirection": 6
      },
      {
        "idCar": 19,
        "carColor": 2,
        "carSize": 1,
        "carPosition": {
          "x": -3.3055555555555554,
          "y": -3.705037434895833,
          "z": 0
        },
        "carDirection": 0
      },
      {
        "idCar": 18,
        "carColor": 4,
        "carSize": 1,
        "carPosition": {
          "x": 0,
          "y": -7.909074571397569,
          "z": 0
        },
        "carDirection": 0
      },
      {
        "idCar": 17,
        "carColor": 3,
        "carSize": 2,
        "carPosition": {
          "x": -1.941555447048611,
          "y": -2.4180365668402777,
          "z": 0
        },
        "carDirection": 6
      },
      {
        "idCar": 16,
        "carColor": 2,
        "carSize": 1,
        "carPosition": {
          "x": 0,
          "y": -6.128888730649595,
          "z": 0
        },
        "carDirection": 0
      },
      {
        "idCar": 15,
        "carColor": 5,
        "carSize": 1,
        "carPosition": {
          "x": 0,
          "y": -4.544889096860532,
          "z": 0
        },
        "carDirection": 0
      },
      {
        "idCar": 14,
        "carColor": 4,
        "carSize": 1,
        "carPosition": {
          "x": 1.1201850043402777,
          "y": -3.705037434895833,
          "z": 0
        },
        "carDirection": 0
      },
      {
        "idCar": 13,
        "carColor": 3,
        "carSize": 2,
        "carPosition": {
          "x": 0,
          "y": -2.5318886085792824,
          "z": 0
        },
        "carDirection": 0
      },
      {
        "idCar": 12,
        "carColor": 2,
        "carSize": 1,
        "carPosition": {
          "x": 2.240370573820891,
          "y": -3.705037434895833,
          "z": 0
        },