{
  "LevelData": {
    "Time": null,
    "LevelScaleFactor": 1,
    "ParkingSpaceInit": 4,
    "GuestColor": [
      5,
      5,
      5,
      5,
      5,
      5,
      5,
      5,
      5,
      5,
      15,
      15,
      15,
      15,
      6,
      6,
      6,
      6,
      6,
      6,
      6,
      6,
      6,
      6,
      6,
      6,
      6,
      6,
      6,
      6,
      7,
      7,
      7,
      7,
      7,
      7,
      7,
      7,
      7,
      7,
      7,
      7,
      7,
      7,
      5,
      5,
      5,
      5,
      7,
      7,
      7,
      7,
      1,
      1,
      1,
      1,
      1,
      1,
      4,
      4,
      4,
      4,
      6,
      6,
      6,
      6,
      13,
      13,
      13,
      13,
      13,
      13,
      1,
      1,
      1,
      1,
      1,
      1,
      1,
      1,
      1,
      1,
      2,
      2,
      2,
      2,
      2,
      2,
      2,
      2,
      2,
      2,
      7,
      7,
      7,
      7,
      7,
      7,
      15,
      15,
      15,
      15,
      4,
      4,
      4,
      4,
      15,
      15,
      15,
      15,
      2,
      2,
      2,
      2,
      4,
      4,
      4,
      4,
      4,
      4,
      1,
      1,
      1,
      1,
      1,
      1,
      1,
      1,
      1,
      1,
      5,
      5,
      5,
      5,
      5,
      5,
      5,
      5,
      5,
      5,
      4,
      4,
      4,
      4,
      1,
      1,
      1,
      1,
      4,
      4,
      4,
      4,
      4,
      4,
      4,
      4,
      4,
      4,
      4,
      4,
      4,
      4,
      6,
      6,
      6,
      6,
      4,
      4,
      4,
      4,
      5,
      5,
      5,
      5,
      2,
      2,
      2,
      2,
      6,
      6,
      6,
      6,
      2,
      2,
      2,
      2,
      2,
      2,
      2,
      2,
      2,
      2,
      4,
      4,
      4,
      4,
      5,
      5,
      5,
      5,
      1,
      1,
      1,
      1,
      4,
      4,
      4,
      4,
      4,
      4,
      4,
      4,
      4,
      4,
      2,
      2,
      2,
      2,
      6,
      6,
      6,
      6,
      1,
      1,
      1,
      1,
      1,
      1,
      1,
      1,
      1,
      1,
      2,
      2,
      2,
      2,
      1,
      1,
      1,
      1
    ],
    "CarInfo": [
      {
        "idCar": 75,
        "carColor": 5,
        "carSize": 2,
        "carPosition": {
          "x": -4.623333401150173,
          "y": -6.836704395435474,
          "z": 0
        },
        "carDirection": 6
      },
      {
        "idCar": 70,
        "carColor": 15,
        "carSize": 0,
        "carPosition": {
          "x": -2.9861481278030957,
          "y": -1.383125587745949,
          "z": 0
        },
        "carDirection": 3
      },
      {
        "idCar": 69,
        "carColor": 6,
        "carSize": 2,
        "carPosition": {
          "x": -3.3124073169849537,
          "y": -0.21481436270254628,
          "z": 0
        },
        "carDirection": 7
      },
      {
        "idCar": 68,
        "carColor": 6,
        "carSize": 1,
        "carPosition": {
          "x": -1.6805798565899883,
          "y": -4.203017623336226,
          "z": 0
        },
        "carDirection": 4
      },
      {
        "idCar": 65,
        "carColor": 7,
        "carSize": 0,
        "carPosition": {
          "x": -0.8521479853877314,
          "y": -0.7317030164930555,
          "z": 0
        },
        "carDirection": 6
      },
      {
        "idCar": 62,
        "carColor": 7,
        "carSize": 2,
        "carPosition": {
          "x": -2.8101481684932,
          "y": -6.444555211950231,
          "z": 0
        },
        "carDirection": 4
      },
      {
        "idCar": 61,
        "carColor": 5,
        "carSize": 0,
        "carPosition": {
          "x": 0.8730372676142939,
          "y": -0.7317030164930555,
          "z": 0
        },
        "carDirection": 6
      },
      {
        "idCar": 60,
        "carColor": 7,
        "carSize": 0,
        "carPosition": {
          "x": -0.8779149938512731,
          "y": -2.9739368580005787,
          "z": 0
        },
        "carDirection": 6
      },
      {
        "idCar": 59,
        "carColor": 1,
        "carSize": 1,
        "carPosition": {
          "x": 0.025083188657407406,
          "y": -5.708015159324363,
          "z": 0
        },
        "carDirection": 4
      },
      {
        "idCar": 58,
        "carColor": 4,
        "carSize": 0,
        "carPosition": {
          "x": 1.7126668294270833,
          "y": -1.8611845793547452,
          "z": 0
        },
        "carDirection": 4
      },
      {
        "idCar": 57,
        "carColor": 6,
        "carSize": 0,
        "carPosition": {
          "x": -0.6019987883391203,
          "y": -4.22810137713397,
          "z": 0
        },
        "carDirection": 4
      },
      {
        "idCar": 55,
        "carColor": 13,
        "carSize": 1,
        "carPosition": {
          "x": 1.6558515760633679,
          "y": -3.4285187897858793,
          "z": 0
        },
        "carDirection": 4,
        "timeCarCoolDown": 35,
        "numCarRemainingCallCoolDown": 18
      },
      {
        "idCar": 54,
        "carColor": 1,
        "carSize": 2,
        "carPosition": {
          "x": 0.48985177499276616,
          "y": -3.3185187445746527,
          "z": 0
        },
        "carDirection": 4
      },
      {
        "idCar": 53,
        "carColor": 2,
        "carSize": 2,
        "carPosition": {
          "x": 0.8748519332320601,
          "y": -5.811889083297164,
          "z": 0
        },
        "carDirection": 4
      },
      {
        "idCar": 52,
        "carColor": 7,
        "carSize": 1,
        "carPosition": {
          "x": 2.1692222312644676,
          "y": -4.893333717628761,
          "z": 0
        },
        "carDirection": 6
      },
      {
        "idCar": 51,
        "carColor": 15,
        "carSize": 0,
        "carPosition": {
          "x": -0.41033313892505785,
          "y": -1.3531482837818287,
          "z": 0
        },
        "carDirection": 2
      },
      {
        "idCar": 50,
        "carColor": 4,
        "carSize": 0,
        "carPosition": {
          "x": -0.5278150770399306,
          "y": -7.164888735170718,
          "z": 0
        },
        "carDirection": 6
      },
      {
        "idCar": 48,
        "carColor": 15,
        "carSize": 0,
        "carPosition": {
          "x": -3.2703334667064525,
          "y": -3.7548895941840277,
          "z": 0
        },
        "carDirection": 0
      },
      {
        "idCar": 47,
        "carColor": 2,
        "carSize": 0,
        "carPosition": {
          "x": -1.3327405011212383,
          "y": 0.0986294216579861,
          "z": 0
        },
        "carDirection": 6
      },
      {
        "idCar": 46,
        "carColor": 4,
        "carSize": 1,
        "carPosition": {
          "x": 1.9491113733362266,
          "y": -6.954074435763888,
          "z": 0
        },
        "carDirection": 4
      },
      {
        "idCar": 45,
        "carColor": 1,
        "carSize": 2,
        "carPosition": {
          "x": 0.7924075656467013,
          "y": 0.1225563331886574,
          "z": 0
        },
        "carDirection": 6
      },
      {
        "idCar": 44,
        "carColor": 5,
        "carSize": 2,
        "carPosition": {
          "x": -1.8201480441623263,
          "y": -6.484703911675346,
          "z": 0
        },
        "carDirection": 4
      },
      {
        "idCar": 41,
        "carColor": 4,
        "carSize": 0,
        "carPosition": {
          "x": -0.8851482250072338,
          "y": -5.82470307526765,
          "z": 0
        },
        "carDirection": 4
      },
      {
        "idCar": 40,
        "carColor": 1,
        "carSize": 0,
        "carPosition": {
          "x": 3.0088523582175926,
          "y": -0.7317030164930555,
          "z": 0
        },