{
  "LevelData": {
    "Time": null,
    "LevelScaleFactor": 1,
    "ParkingSpaceInit": 4,
    "GuestColor": [
      3,
      3,
      3,
      3,
      3,
      3,
      2,
      2,
      2,
      2,
      5,
      5,
      5,
      5,
      6,
      6,
      6,
      6,
      6,
      6,
      3,
      3,
      3,
      3,
      3,
      3,
      1,
      1,
      1,
      1,
      8,
      8,
      8,
      8,
      4,
      4,
      4,
      4,
      4,
      4,
      4,
      4,
      4,
      4,
      6,
      6,
      6,
      6,
      6,
      6,
      1,
      1,
      1,
      1,
      8,
      8,
      8,
      8,
      8,
      8,
      2,
      2,
      2,
      2,
      2,
      2,
      7,
      7,
      7,
      7,
      5,
      5,
      5,
      5,
      2,
      2,
      2,
      2,
      9,
      9,
      9,
      9,
      9,
      9,
      9,
      9,
      2,
      2,
      2,
      2,
      7,
      7,
      7,
      7,
      1,
      1,
      1,
      1,
      2,
      2,
      2,
      2,
      2,
      2,
      1,
      1,
      1,
      1,
      5,
      5,
      5,
      5,
      4,
      4,
      4,
      4,
      2,
      2,
      2,
      2,
      2,
      2,
      3,
      3,
      3,
      3,
      9,
      9,
      9,
      9,
      5,
      5,
      5,
      5,
      5,
      5,
      5,
      5,
      5,
      5,
      3,
      3,
      3,
      3,
      7,
      7,
      7,
      7,
      1,
      1,
      1,
      1,
      4,
      4,
      4,
      4,
      3,
      3,
      3,
      3,
      4,
      4,
      4,
      4,
      2,
      2,
      2,
      2,
      2,
      2,
      2,
      2,
      2,
      2,
      1,
      1,
      1,
      1,
      9,
      9,
      9,
      9,
      6,
      6,
      6,
      6,
      6,
      6,
      3,
      3,
      3,
      3,
      2,
      2,
      2,
      2,
      2,
      2,
      2,
      2,
      1,
      1,
      1,
      1,
      4,
      4,
      4,
      4,
      2,
      2,
      2,
      2,
      3,
      3,
      3,
      3,
      2,
      2,
      2,
      2,
      4,
      4,
      4,
      4,
      2,
      2,
      2,
      2,
      9,
      9,
      9,
      9,
      1,
      1,
      1,
      1,
      1,
      1
    ],
    "CarInfo": [
      {
        "idCar": 56,
        "carColor": 3,
        "carSize": 1,
        "carPosition": {
          "x": 2.0273460105613426,
          "y": -8.12160011574074,
          "z": 0
        },
        "carDirection": 2
      },
      {
        "idCar": 55,
        "carColor": 2,
        "carSize": 0,
        "carPosition": {
          "x": 0.7138886628327545,
          "y": -7.64763104474103,
          "z": 0
        },
        "carDirection": 0
      },
      {
        "idCar": 54,
        "carColor": 5,
        "carSize": 0,
        "carPosition": {
          "x": 1.4380741825810184,
          "y": -4.743629172996238,
          "z": 0
        },
        "carDirection": 2
      },
      {
        "idCar": 53,
        "carColor": 6,
        "carSize": 1,
        "carPosition": {
          "x": -0.18249794288917823,
          "y": -7.788038465711805,
          "z": 0
        },
        "carDirection": 0
      },
      {
        "idCar": 52,
        "carColor": 3,
        "carSize": 1,
        "carPosition": {
          "x": 2.175074259440104,
          "y": -5.65662920916522,
          "z": 0
        },
        "carDirection": 2,
        "isMysteryCar": true
      },
      {
        "idCar": 51,
        "carColor": 1,
        "carSize": 0,
        "carPosition": {
          "x": 0.30688872160734953,
          "y": -5.623629534686053,
          "z": 0
        },
        "carDirection": 2
      },
      {
        "idCar": 50,
        "carColor": 8,
        "carSize": 0,
        "carPosition": {
          "x": -1.0882963957609952,
          "y": -7.691629480432581,
          "z": 0
        },
        "carDirection": 0
      },
      {
        "idCar": 49,
        "carColor": 4,
        "carSize": 2,
        "carPosition": {
          "x": -0.9691111246744791,
          "y": -4.851815117730035,
          "z": 0
        },
        "carDirection": 0
      },
      {
        "idCar": 48,
        "carColor": 6,
        "carSize": 1,
        "carPosition": {
          "x": 2.006498548719618,
          "y": -7.246001632125289,
          "z": 0
        },
        "carDirection": 6,
        "isMysteryCar": true
      },
      {
        "idCar": 47,
        "carColor": 1,
        "carSize": 0,
        "carPosition": {
          "x": -2.773111131456163,
          "y": -4.5126303213614,
          "z": 0
        },
        "carDirection": 0
      },
      {
        "idCar": 46,
        "carColor": 8,
        "carSize": 1,
        "carPosition": {
          "x": -0.012555157696759259,
          "y": -4.469554194697627,
          "z": 0
        },
        "carDirection": 0,
        "isTwoWayCar": true
      },
      {
        "idCar": 45,
        "carColor": 2,
        "carSize": 1,
        "carPosition": {
          "x": 3.396074083116319,
          "y": -7.614630239981191,
          "z": 0
        },
        "carDirection": 0
      },
      {
        "idCar": 44,
        "carColor": 7,
        "carSize": 0,
        "carPosition": {
          "x": -4.841166743525752,
          "y": -1.628814697265625,
          "z": 0
        },
        "carDirection": 4
      },
      {
        "idCar": 42,
        "carColor": 5,
        "carSize": 0,
        "carPosition": {
          "x": -3.706296567563657,
          "y": -4.5126303213614,
          "z": 0
        },
        "carDirection": 0
      },
      {
        "idCar": 40,
        "carColor": 2,
        "carSize": 0,
        "carPosition": {
          "x": 1.3188889114945022,
          "y": -6.437630547417534,
          "z": 0
        },
        "carDirection": 6
      },
      {
        "idCar": 39,
        "carColor": 9,
        "carSize": 0,
        "carPosition": {
          "x": -1.4292964228877314,
          "y": -3.1523697464554394,
          "z": 0
        },
        "carDirection": 6,
        "isMysteryCar": true
      },
      {
        "idCar": 38,
        "carColor": 9,
        "carSize": 0,
        "carPosition": {
          "x": 4.613444010416666,
          "y": -7.346889919704861,
          "z": 0
        },
        "carDirection": 6
      },
      {
        "idCar": 37,
        "carColor": 2,
        "carSize": 0,
        "carPosition": {
          "x": -1.440296314380787,
          "y": -2.3603696469907405,
          "z": 0
        },
        "carDirection": 6
      },
      {
        "idCar": 36,
        "carColor": 7,
        "carSize": 0,
        "carPosition": {
          "x": -3.8320815474898726,
          "y": -3.4082291214554394,
          "z": 0
        },
        "carDirection": 6
      },
      {
        "idCar": 35,
        "carColor": 1,
        "carSize": 0,
        "carPosition": {
          "x": 2.891888653790509,
          "y": -6.437630547417534,
          "z": 0
        },
        "carDirection": 6
      },
      {
        "idCar": 34,
        "carColor": 2,
        "carSize": 1,
        "carPosition": {
          "x": 4.657443576388888,
          "y": -6.395444516782407,
          "z": 0
        },
        "carDirection": 6
      },
      {
        "idCar": 31,
        "carColor": 1,
        "carSize": 0,
        "carPosition": {
          "x": 3.7774443449797452,
          "y": -5.348630551938657,
          "z": 0
        },
        "carDirection": 0
      },
      {
        "idCar": 30,
        "carColor": 5,
        "carSize": 0,
        "carPosition": {
          "x": 4.706888834635416,
          "y": -5.128629896375868,
          "z": 0
        },
        "carDirection": 0
      },
      {
        "idCar": 29,
        "carColor": 4,
        "carSize": 0,
        "carPosition": {
          "x": 3.7590738932291665,
          "y": -2.2136298285590277,
          "z": 0
        },
        "carDirection": 0
      },
      {
        "idCar": 28,