{
  "LevelData": {
    "Time": null,
    "LevelScaleFactor": 1,
    "ParkingSpaceInit": 4,
    "GuestColor": [
      3,
      3,
      3,
      3,
      3,
      3,
      3,
      3,
      3,
      3,
      3,
      3,
      3,
      3,
      3,
      3,
      3,
      3,
      3,
      3,
      3,
      3,
      3,
      3,
      3,
      3,
      3,
      3,
      3,
      3,
      7,
      7,
      7,
      7,
      7,
      7,
      7,
      7,
      7,
      7,
      7,
      7,
      4,
      4,
      4,
      4,
      4,
      4,
      3,
      3,
      3,
      3,
      3,
      3,
      7,
      7,
      7,
      7,
      7,
      7,
      4,
      4,
      4,
      4,
      4,
      4,
      4,
      4,
      4,
      4,
      4,
      4,
      3,
      3,
      3,
      3,
      3,
      3,
      4,
      4,
      4,
      4,
      4,
      4,
      7,
      7,
      7,
      7,
      7,
      7,
      4,
      4,
      4,
      4,
      4,
      4,
      4,
      4,
      4,
      4,
      4,
      4,
      2,
      2,
      2,
      2,
      2,
      2,
      4,
      4,
      4,
      4,
      4,
      4,
      1,
      1,
      1,
      1,
      1,
      1,
      4,
      4,
      4,
      4,
      4,
      4,
      5,
      5,
      5,
      5,
      5,
      5,
      2,
      2,
      2,
      2,
      2,
      2,
      5,
      5,
      5,
      5,
      5,
      5,
      5,
      5,
      5,
      5,
      4,
      4,
      4,
      4,
      3,
      3,
      3,
      3,
      3,
      3,
      7,
      7,
      7,
      7,
      7,
      7,
      2,
      2,
      2,
      2,
      2,
      2,
      4,
      4,
      4,
      4,
      4,
      4,
      6,
      6,
      6,
      6,
      1,
      1,
      1,
      1,
      7,
      7,
      7,
      7,
      7,
      7,
      6,
      6,
      6,
      6,
      6,
      6,
      3,
      3,
      3,
      3,
      3,
      3,
      7,
      7,
      7,
      7,
      7,
      7,
      8,
      8,
      8,
      8,
      8,
      8,
      7,
      7,
      7,
      7,
      7,
      7,
      2,
      2,
      2,
      2,
      2,
      2,
      2,
      2,
      2,
      2,
      2,
      2,
      2,
      2,
      2,
      2,
      2,
      2,
      2,
      2,
      2,
      2,
      2,
      2
    ],
    "CarInfo": [
      {
        "idCar": 42,
        "carColor": 2,
        "carSize": 1,
        "carPosition": {
          "x": 1.203820122612847,
          "y": 0.0580738208912037,
          "z": 0
        },
        "carDirection": 3
      },
      {
        "idCar": 41,
        "carColor": 2,
        "carSize": 1,
        "carPosition": {
          "x": -1.069854736328125,
          "y": 0.11165590639467592,
          "z": 0
        },
        "carDirection": 5
      },
      {
        "idCar": 40,
        "carColor": 2,
        "carSize": 1,
        "carPosition": {
          "x": -4.6419886836299185,
          "y": -2.1728707772714118,
          "z": 0
        },
        "carDirection": 5
      },
      {
        "idCar": 39,
        "carColor": 2,
        "carSize": 1,
        "carPosition": {
          "x": 4.775954635054976,
          "y": -2.226452862774884,
          "z": 0
        },
        "carDirection": 7
      },
      {
        "idCar": 38,
        "carColor": 7,
        "carSize": 1,
        "carPosition": {
          "x": -0.6169439245153356,
          "y": -1.5683695475260415,
          "z": 0
        },
        "carDirection": 4
      },
      {
        "idCar": 37,
        "carColor": 8,
        "carSize": 1,
        "carPosition": {
          "x": 0.5670838532624422,
          "y": -1.5963349518952545,
          "z": 0
        },
        "carDirection": 4
      },
      {
        "idCar": 36,
        "carColor": 7,
        "carSize": 1,
        "carPosition": {
          "x": 0.5856673629195601,
          "y": -3.2368989167390043,
          "z": 0
        },
        "carDirection": 4
      },
      {
        "idCar": 35,
        "carColor": 3,
        "carSize": 1,
        "carPosition": {
          "x": -0.6800452338324653,
          "y": -3.213753029152199,
          "z": 0
        },
        "carDirection": 4
      },
      {
        "idCar": 34,
        "carColor": 6,
        "carSize": 1,
        "carPosition": {
          "x": -3.5182746604636863,
          "y": -3.313622368706597,
          "z": 0
        },
        "carDirection": 5
      },
      {
        "idCar": 33,
        "carColor": 7,
        "carSize": 1,
        "carPosition": {
          "x": 3.443811487268518,
          "y": -3.3780619303385415,
          "z": 0
        },
        "carDirection": 7
      },
      {
        "idCar": 32,
        "carColor": 1,
        "carSize": 0,
        "carPosition": {
          "x": -0.5382837366174769,
          "y": -5.367068820529513,
          "z": 0
        },
        "carDirection": 4
      },
      {
        "idCar": 31,
        "carColor": 6,
        "carSize": 0,
        "carPosition": {
          "x": 0.3629998101128472,
          "y": -5.359369348596643,
          "z": 0
        },
        "carDirection": 4
      },
      {
        "idCar": 30,
        "carColor": 4,
        "carSize": 1,
        "carPosition": {
          "x": 1.7097851788556133,
          "y": -6.052369294343171,
          "z": 0
        },
        "carDirection": 6
      },
      {
        "idCar": 29,
        "carColor": 2,
        "carSize": 1,
        "carPosition": {
          "x": -1.847668683087384,
          "y": -5.743597525137441,
          "z": 0
        },
        "carDirection": 2
      },
      {
        "idCar": 28,
        "carColor": 7,
        "carSize": 1,
        "carPosition": {
          "x": -1.847668683087384,
          "y": -5.026783130787037,
          "z": 0
        },
        "carDirection": 2
      },
      {
        "idCar": 27,
        "carColor": 3,
        "carSize": 1,
        "carPosition": {
          "x": 1.7097851788556133,
          "y": -5.161368476019965,
          "z": 0
        },
        "carDirection": 6
      },
      {
        "idCar": 26,
        "carColor": 4,
        "carSize": 0,
        "carPosition": {
          "x": 0.3629998101128472,
          "y": -6.866370872214988,
          "z": 0
        },
        "carDirection": 4
      },
      {
        "idCar": 25,
        "carColor": 5,
        "carSize": 1,
        "carPosition": {
          "x": -1.847668683087384,
          "y": -6.634600038881655,
          "z": 0
        },
        "carDirection": 2
      },
      {
        "idCar": 24,
        "carColor": 5,
        "carSize": 0,
        "carPosition": {
          "x": -0.5382837366174769,
          "y": -6.874070909288194,
          "z": 0
        },
        "carDirection": 4
      },
      {
        "idCar": 23,
        "carColor": 2,
        "carSize": 1,
        "carPosition": {
          "x": 1.7097851788556133,
          "y": -6.954368873878761,
          "z": 0
        },
        "carDirection": 6
      },
      {
        "idCar": 22,
        "carColor": 5,
        "carSize": 1,
        "carPosition": {
          "x": 3.1093704788773144,
          "y": -5.878184000651041,
          "z": 0
        },
        "carDirection": 4
      },
      {
        "idCar": 21,
        "carColor": 4,
        "carSize": 1,
        "carPosition": {
          "x": -3.2391713460286455,
          "y": -5.844004878291377,
          "z": 0
        },
        "carDirection": 4
      },
      {
        "idCar": 20,
        "carColor": 1,
        "carSize": 1,
        "carPosition": {
          "x": 0.9290647153501157,
          "y": -8.324544835973668,
          "z": 0
        },
        "carDirection": 6
      },
      {
        "idCar": 19,
        "carColor": 4,
        "carSize": 1,
        "carPosition": {
          "x": 4.1195554380063655,
          "y": -5.07370051631221,
          "z": 0
        },
        "carDirection": 4
      },
      {
        "idCar": 18,
        "carColor": 2,
        "carSize": 1,