{
  "LevelData": {
    "Time": null,
    "LevelScaleFactor": 1,
    "ParkingSpaceInit": 4,
    "GuestColor": [
      2,
      2,
      2,
      2,
      4,
      4,
      4,
      4,
      3,
      3,
      3,
      3,
      1,
      1,
      1,
      1,
      4,
      4,
      4,
      4,
      15,
      15,
      15,
      15,
      1,
      1,
      1,
      1,
      1,
      1,
      1,
      1,
      1,
      1,
      4,
      4,
      4,
      4,
      4,
      4,
      15,
      15,
      15,
      15,
      1,
      1,
      1,
      1,
      1,
      1,
      1,
      1,
      1,
      1,
      1,
      1,
      1,
      1,
      1,
      1,
      3,
      3,
      3,
      3,
      3,
      3,
      3,
      3,
      3,
      3,
      3,
      3,
      3,
      3,
      3,
      3,
      3,
      3,
      3,
      3,
      4,
      4,
      4,
      4,
      4,
      4,
      4,
      4,
      4,
      4,
      4,
      4,
      4,
      4,
      4,
      4,
      4,
      4,
      4,
      4,
      4,
      4,
      4,
      4,
      4,
      4,
      3,
      3,
      3,
      3,
      3,
      3,
      2,
      2,
      2,
      2,
      2,
      2,
      1,
      1,
      1,
      1,
      1,
      1,
      1,
      1,
      1,
      1,
      2,
      2,
      2,
      2,
      2,
      2,
      2,
      2,
      2,
      2,
      2,
      2,
      1,
      1,
      1,
      1,
      1,
      1,
      1,
      1,
      1,
      1,
      15,
      15,
      15,
      15,
      1,
      1,
      1,
      1,
      1,
      1,
      1,
      1,
      3,
      3,
      3,
      3,
      3,
      3,
      3,
      3,
      3,
      3,
      6,
      6,
      6,
      6,
      6,
      6,
      2,
      2,
      2,
      2,
      2,
      2,
      2,
      2,
      2,
      2,
      2,
      2,
      2,
      2,
      3,
      3,
      3,
      3,
      2,
      2,
      2,
      2,
      2,
      2,
      2,
      2,
      2,
      2,
      15,
      15,
      15,
      15,
      3,
      3,
      3,
      3,
      3,
      3,
      3,
      3,
      3,
      3,
      2,
      2,
      2,
      2,
      2,
      2,
      2,
      2,
      2,
      2,
      2,
      2,
      2,
      2
    ],
    "CarInfo": [
      {
        "idCar": 38,
        "carColor": 2,
        "carSize": 0,
        "carPosition": {
          "x": 2.3411853931568287,
          "y": -7.785778469509548,
          "z": 0
        },
        "carDirection": 0
      },
      {
        "idCar": 37,
        "carColor": 4,
        "carSize": 0,
        "carPosition": {
          "x": 3.4595551667390043,
          "y": -7.785778469509548,
          "z": 0
        },
        "carDirection": 0
      },
      {
        "idCar": 36,
        "carColor": 3,
        "carSize": 0,
        "carPosition": {
          "x": -1.8388151945891202,
          "y": -7.600593284324363,
          "z": 0
        },
        "carDirection": 0
      },
      {
        "idCar": 35,
        "carColor": 1,
        "carSize": 0,
        "carPosition": {
          "x": -3.9343702528211804,
          "y": -7.600593284324363,
          "z": 0
        },
        "carDirection": 0
      },
      {
        "idCar": 34,
        "carColor": 4,
        "carSize": 0,
        "carPosition": {
          "x": -2.815999914098669,
          "y": -7.600593284324363,
          "z": 0
        },
        "carDirection": 0
      },
      {
        "idCar": 33,
        "carColor": 15,
        "carSize": 0,
        "carPosition": {
          "x": 0.8231851083260995,
          "y": -4.872703834816261,
          "z": 0
        },
        "carDirection": 0
      },
      {
        "idCar": 32,
        "carColor": 1,
        "carSize": 2,
        "carPosition": {
          "x": 0.020185117368344906,
          "y": -3.0613324200665506,
          "z": 0
        },
        "carDirection": 2
      },
      {
        "idCar": 31,
        "carColor": 4,
        "carSize": 1,
        "carPosition": {
          "x": 2.748185334382234,
          "y": -5.116518938982928,
          "z": 0
        },
        "carDirection": 0
      },
      {
        "idCar": 30,
        "carColor": 15,
        "carSize": 0,
        "carPosition": {
          "x": 1.7911851671006944,
          "y": -4.86170337818287,
          "z": 0
        },
        "carDirection": 0
      },
      {
        "idCar": 29,
        "carColor": 1,
        "carSize": 1,
        "carPosition": {
          "x": 2.7371848777488426,
          "y": -3.565518979673032,
          "z": 0
        },
        "carDirection": 0
      },
      {
        "idCar": 28,
        "carColor": 1,
        "carSize": 2,
        "carPosition": {
          "x": -1.0230000813802083,
          "y": -5.57670423719618,
          "z": 0
        },
        "carDirection": 2
      },
      {
        "idCar": 27,
        "carColor": 3,
        "carSize": 2,
        "carPosition": {
          "x": 1.7691853841145833,
          "y": -2.423333062065972,
          "z": 0
        },
        "carDirection": 0
      },
      {
        "idCar": 26,
        "carColor": 3,
        "carSize": 2,
        "carPosition": {
          "x": -1.0230000813802083,
          "y": -4.478519015842013,
          "z": 0
        },
        "carDirection": 2
      },
      {
        "idCar": 25,
        "carColor": 4,
        "carSize": 1,
        "carPosition": {
          "x": -3.5017406322337963,
          "y": -4.500518233687789,
          "z": 0
        },
        "carDirection": 2
      },
      {
        "idCar": 24,
        "carColor": 4,
        "carSize": 2,
        "carPosition": {
          "x": 1.7801852756076388,
          "y": -0.10414858217592592,
          "z": 0
        },
        "carDirection": 0
      },
      {
        "idCar": 23,
        "carColor": 4,
        "carSize": 2,
        "carPosition": {
          "x": -2.8783702143916376,
          "y": -3.151147913049768,
          "z": 0
        },
        "carDirection": 2
      },
      {
        "idCar": 22,
        "carColor": 3,
        "carSize": 1,
        "carPosition": {
          "x": 2.748185334382234,
          "y": -2.047519259982639,
          "z": 0
        },
        "carDirection": 0
      },
      {
        "idCar": 21,
        "carColor": 2,
        "carSize": 1,
        "carPosition": {
          "x": -3.3165554470486107,
          "y": -5.40251781322338,
          "z": 0
        },
        "carDirection": 2
      },
      {
        "idCar": 20,
        "carColor": 1,
        "carSize": 2,
        "carPosition": {
          "x": -4.951926054777922,
          "y": -4.795704029224537,
          "z": 0
        },
        "carDirection": 0
      },
      {
        "idCar": 19,
        "carColor": 2,
        "carSize": 1,
        "carPosition": {
          "x": 2.748185334382234,
          "y": -0.4635179307725694,
          "z": 0
        },
        "carDirection": 0
      },
      {
        "idCar": 18,
        "carColor": 2,
        "carSize": 1,
        "carPosition": {
          "x": 3.7254819516782405,
          "y": -6.566703513816551,
          "z": 0
        },
        "carDirection": 2
      },
      {
        "idCar": 17,
        "carColor": 1,
        "carSize": 2,
        "carPosition": {
          "x": 1.8810000949435763,
          "y": 1.467037624782986,
          "z": 0
        },
        "carDirection": 2
      },
      {
        "idCar": 16,
        "carColor": 15,
        "carSize": 0,
        "carPosition": {
          "x": 1.2119259304470484,
          "y": -6.37051843713831,
          "z": 0
        },
        "carDirection": 2
      },
      {
        "idCar": 15,
        "carColor": 1,
        "carSize": 0,
        "carPosition": {
          "x": -4.941255498815465,
          "y": -2.775334110966435,
          "z": 0
        },
        "carDirection": 0
      },
      {
        "idCar": 14,
        "carColor": 1,
        "carSize": 0,
        "carPosition": {
          "x": 4.458741364655671,
          "y": -7.785778469509548,