{
  "LevelData": {
    "Time": null,
    "LevelScaleFactor": 1,
    "ParkingSpaceInit": 4,
    "GuestColor": [
      2,
      2,
      2,
      2,
      2,
      2,
      2,
      2,
      2,
      2,
      5,
      5,
      5,
      5,
      4,
      4,
      4,
      4,
      4,
      4,
      1,
      1,
      1,
      1,
      1,
      1,
      1,
      1,
      1,
      1,
      2,
      2,
      2,
      2,
      2,
      2,
      3,
      3,
      3,
      3,
      3,
      3,
      1,
      1,
      1,
      1,
      1,
      1,
      9,
      9,
      9,
      9,
      9,
      9,
      3,
      3,
      3,
      3,
      3,
      3,
      2,
      2,
      2,
      2,
      2,
      2,
      2,
      2,
      2,
      2,
      3,
      3,
      3,
      3,
      3,
      3,
      1,
      1,
      1,
      1,
      6,
      6,
      6,
      6,
      6,
      6,
      2,
      2,
      2,
      2,
      2,
      2,
      2,
      2,
      2,
      2,
      2,
      2,
      2,
      2,
      2,
      2,
      2,
      2,
      2,
      2,
      8,
      8,
      8,
      8,
      8,
      8,
      8,
      8,
      8,
      8,
      7,
      7,
      7,
      7,
      7,
      7,
      7,
      7,
      7,
      7,
      1,
      1,
      1,
      1,
      1,
      1,
      1,
      1,
      1,
      1,
      4,
      4,
      4,
      4,
      4,
      4,
      5,
      5,
      5,
      5,
      5,
      5,
      4,
      4,
      4,
      4,
      4,
      4,
      4,
      4,
      4,
      4,
      6,
      6,
      6,
      6,
      6,
      6,
      1,
      1,
      1,
      1,
      6,
      6,
      6,
      6,
      6,
      6,
      6,
      6,
      6,
      6,
      8,
      8,
      8,
      8,
      8,
      8,
      8,
      8,
      8,
      8,
      1,
      1,
      1,
      1,
      5,
      5,
      5,
      5,
      5,
      5,
      5,
      5,
      5,
      5,
      8,
      8,
      8,
      8,
      2,
      2,
      2,
      2,
      3,
      3,
      3,
      3,
      3,
      3,
      3,
      3,
      3,
      3,
      3,
      3,
      3,
      3,
      3,
      3,
      2,
      2,
      2,
      2,
      2,
      2,
      2,
      2,
      2,
      2
    ],
    "CarInfo": [
      {
        "idCar": 33,
        "carColor": 2,
        "carSize": 2,
        "carPosition": {
          "x": 1.2662596525969327,
          "y": -5.871333369502315,
          "z": 0
        },
        "carDirection": 0
      },
      {
        "idCar": 32,
        "carColor": 3,
        "carSize": 2,
        "carPosition": {
          "x": 2.212259363245081,
          "y": -5.871333369502315,
          "z": 0
        },
        "carDirection": 0
      },
      {
        "idCar": 31,
        "carColor": 3,
        "carSize": 1,
        "carPosition": {
          "x": 3.878044976128472,
          "y": -1.2916485821759258,
          "z": 0
        },
        "carDirection": 0
      },
      {
        "idCar": 30,
        "carColor": 2,
        "carSize": 0,
        "carPosition": {
          "x": 5.8863706235532405,
          "y": -2.155147976345486,
          "z": 0
        },
        "carDirection": 0
      },
      {
        "idCar": 29,
        "carColor": 8,
        "carSize": 0,
        "carPosition": {
          "x": 4.212445294415509,
          "y": -0.09814792209201388,
          "z": 0
        },
        "carDirection": 2
      },
      {
        "idCar": 28,
        "carColor": 5,
        "carSize": 2,
        "carPosition": {
          "x": 0.32025937680844907,
          "y": -5.871333369502315,
          "z": 0
        },
        "carDirection": 0
      },
      {
        "idCar": 27,
        "carColor": 1,
        "carSize": 0,
        "carPosition": {
          "x": -1.2362964771412037,
          "y": -0.3669614438657407,
          "z": 0
        },
        "carDirection": 4
      },
      {
        "idCar": 26,
        "carColor": 8,
        "carSize": 2,
        "carPosition": {
          "x": -1.9641107629846641,
          "y": -5.871333369502315,
          "z": 0
        },
        "carDirection": 0
      },
      {
        "idCar": 25,
        "carColor": 6,
        "carSize": 2,
        "carPosition": {
          "x": -2.910111038773148,
          "y": -5.871333369502315,
          "z": 0
        },
        "carDirection": 0
      },
      {
        "idCar": 24,
        "carColor": 1,
        "carSize": 0,
        "carPosition": {
          "x": 3.9782556604456016,
          "y": -3.2991479944299766,
          "z": 0
        },
        "carDirection": 2
      },
      {
        "idCar": 23,
        "carColor": 6,
        "carSize": 1,
        "carPosition": {
          "x": 2.300370392975984,
          "y": -3.332147668909143,
          "z": 0
        },
        "carDirection": 2
      },
      {
        "idCar": 22,
        "carColor": 4,
        "carSize": 2,
        "carPosition": {
          "x": 2.6600703486689814,
          "y": -4.201147573965567,
          "z": 0
        },
        "carDirection": 2
      },
      {
        "idCar": 21,
        "carColor": 5,
        "carSize": 1,
        "carPosition": {
          "x": 0.4516002513744213,
          "y": -3.3277474862557868,
          "z": 0
        },
        "carDirection": 2,
        "isTwoWayCar": true
      },
      {
        "idCar": 20,
        "carColor": 4,
        "carSize": 1,
        "carPosition": {
          "x": 0.38301482024016203,
          "y": -4.234148378725405,
          "z": 0
        },
        "carDirection": 2,
        "isMysteryCar": true
      },
      {
        "idCar": 19,
        "carColor": 1,
        "carSize": 2,
        "carPosition": {
          "x": -1.8283702709056713,
          "y": -3.408048276548032,
          "z": 0
        },
        "carDirection": 6,
        "isTwoWayCar": true
      },
      {
        "idCar": 18,
        "carColor": 7,
        "carSize": 2,
        "carPosition": {
          "x": 3.953999837239583,
          "y": -2.463147198712384,
          "z": 0
        },
        "carDirection": 2
      },
      {
        "idCar": 17,
        "carColor": 8,
        "carSize": 2,
        "carPosition": {
          "x": -1.8283702709056713,
          "y": -4.305647673430266,
          "z": 0
        },
        "carDirection": 2
      },
      {
        "idCar": 16,
        "carColor": 2,
        "carSize": 2,
        "carPosition": {
          "x": -3.856111031991464,
          "y": -5.871333369502315,
          "z": 0
        },
        "carDirection": 0
      },
      {
        "idCar": 15,
        "carColor": 2,
        "carSize": 0,
        "carPosition": {
          "x": 1.7924442997685184,
          "y": -2.5060481318721064,
          "z": 0
        },
        "carDirection": 2,
        "isTwoWayCar": true
      },
      {
        "idCar": 14,
        "carColor": 2,
        "carSize": 1,
        "carPosition": {
          "x": -3.7039260864257812,
          "y": -3.7941476327401618,
          "z": 0
        },
        "carDirection": 0
      },
      {
        "idCar": 13,
        "carColor": 6,
        "carSize": 1,
        "carPosition": {
          "x": 0.15124455204716433,
          "y": -2.474148220486111,
          "z": 0
        },
        "carDirection": 6,
        "isTwoWayCar": true
      },
      {
        "idCar": 12,
        "carColor": 1,
        "carSize": 0,
        "carPosition": {
          "x": 0.40088907877604163,
          "y": -1.6513479727285878,
          "z": 0
        },
        "carDirection": 2,
        "isMysteryCar": true
      },
      {
        "idCar": 11,
        "carColor": 3,
        "carSize": 1,
        "carPosition": {
          "x": -1.546440972222222,
          "y": -2.474148220486111,
          "z": 0
        },
        "carDirection": 2
      },
      {
        "idCar": 10,
        "carColor": 2,
        "carSize": 2,
        "carPosition": {
          "x": -1.7378963894314234,
          "y": -1.6128483525028934,
          "z": 0
        },