{
  "LevelData": {
    "Time": null,
    "LevelScaleFactor": 1,
    "ParkingSpaceInit": 4,
    "GuestColor": [
      2,
      2,
      2,
      2,
      2,
      2,
      2,
      2,
      2,
      2,
      3,
      3,
      3,
      3,
      2,
      2,
      2,
      2,
      2,
      2,
      2,
      2,
      3,
      3,
      3,
      3,
      4,
      4,
      4,
      4,
      4,
      4,
      4,
      4,
      3,
      3,
      3,
      3,
      3,
      3,
      3,
      3,
      3,
      3,
      4,
      4,
      4,
      4,
      4,
      4,
      3,
      3,
      3,
      3,
      2,
      2,
      2,
      2,
      1,
      1,
      1,
      1,
      1,
      1,
      4,
      4,
      4,
      4,
      4,
      4,
      3,
      3,
      3,
      3,
      3,
      3,
      3,
      3,
      1,
      1,
      1,
      1,
      1,
      1,
      1,
      1,
      1,
      1,
      4,
      4,
      4,
      4,
      4,
      4,
      4,
      4,
      4,
      4,
      4,
      4,
      2,
      2,
      2,
      2,
      2,
      2,
      2,
      2,
      1,
      1,
      1,
      1,
      4,
      4,
      4,
      4,
      2,
      2,
      2,
      2,
      4,
      4,
      4,
      4,
      5,
      5,
      5,
      5,
      5,
      5,
      5,
      5,
      5,
      5,
      1,
      1,
      1,
      1,
      2,
      2,
      2,
      2,
      6,
      6,
      6,
      6,
      2,
      2,
      2,
      2,
      5,
      5,
      5,
      5,
      8,
      8,
      8,
      8,
      3,
      3,
      3,
      3,
      8,
      8,
      8,
      8,
      8,
      8,
      8,
      8,
      8,
      8,
      7,
      7,
      7,
      7,
      8,
      8,
      8,
      8,
      5,
      5,
      5,
      5,
      7,
      7,
      7,
      7,
      2,
      2,
      2,
      2,
      2,
      2,
      2,
      2,
      2,
      2,
      1,
      1,
      1,
      1,
      4,
      4,
      4,
      4,
      4,
      4,
      4,
      4,
      4,
      4,
      4,
      4,
      4,
      4,
      5,
      5,
      5,
      5,
      1,
      1,
      1,
      1,
      5,
      5,
      5,
      5,
      5,
      5
    ],
    "CarInfo": [
      {
        "idCar": 51,
        "carColor": 5,
        "carSize": 1,
        "carPosition": {
          "x": 1.0026668972439237,
          "y": -3.611444543909143,
          "z": 0
        },
        "carDirection": 6
      },
      {
        "idCar": 50,
        "carColor": 1,
        "carSize": 0,
        "carPosition": {
          "x": 3.340630425347222,
          "y": -2.523257785373264,
          "z": 0
        },
        "carDirection": 7
      },
      {
        "idCar": 49,
        "carColor": 5,
        "carSize": 0,
        "carPosition": {
          "x": 5.795422589337384,
          "y": -2.5759028682002314,
          "z": 0
        },
        "carDirection": 1
      },
      {
        "idCar": 48,
        "carColor": 4,
        "carSize": 0,
        "carPosition": {
          "x": 3.3197823983651618,
          "y": -1.0013845938223378,
          "z": 0
        },
        "carDirection": 1
      },
      {
        "idCar": 46,
        "carColor": 4,
        "carSize": 2,
        "carPosition": {
          "x": -1.2505182336877894,
          "y": -4.535445036711516,
          "z": 0
        },
        "carDirection": 2
      },
      {
        "idCar": 45,
        "carColor": 1,
        "carSize": 0,
        "carPosition": {
          "x": -5.535074304651331,
          "y": -4.87088860405816,
          "z": 0
        },
        "carDirection": 0
      },
      {
        "idCar": 44,
        "carColor": 2,
        "carSize": 1,
        "carPosition": {
          "x": -0.6583331072771991,
          "y": -3.611444543909143,
          "z": 0
        },
        "carDirection": 2
      },
      {
        "idCar": 43,
        "carColor": 2,
        "carSize": 0,
        "carPosition": {
          "x": 0.1699665210865162,
          "y": -2.542629665798611,
          "z": 0
        },
        "carDirection": 0
      },
      {
        "idCar": 42,
        "carColor": 7,
        "carSize": 0,
        "carPosition": {
          "x": -5.535074304651331,
          "y": -3.200703938802083,
          "z": 0
        },
        "carDirection": 0
      },
      {
        "idCar": 41,
        "carColor": 5,
        "carSize": 0,
        "carPosition": {
          "x": -5.830259393762659,
          "y": -0.8490702311197916,
          "z": 0
        },
        "carDirection": 7
      },
      {
        "idCar": 40,
        "carColor": 8,
        "carSize": 0,
        "carPosition": {
          "x": 1.1108517116970487,
          "y": -2.542629665798611,
          "z": 0
        },
        "carDirection": 0
      },
      {
        "idCar": 39,
        "carColor": 7,
        "carSize": 0,
        "carPosition": {
          "x": -0.7555185953776041,
          "y": -2.542629665798611,
          "z": 0
        },
        "carDirection": 0
      },
      {
        "idCar": 38,
        "carColor": 8,
        "carSize": 2,
        "carPosition": {
          "x": 0.0346668384693287,
          "y": -1.2886307327835647,
          "z": 0
        },
        "carDirection": 2
      },
      {
        "idCar": 37,
        "carColor": 3,
        "carSize": 0,
        "carPosition": {
          "x": -4.5340742888274015,
          "y": -1.4133707682291665,
          "z": 0
        },
        "carDirection": 4
      },
      {
        "idCar": 36,
        "carColor": 8,
        "carSize": 0,
        "carPosition": {
          "x": -3.0655184145326966,
          "y": -8.05351878978588,
          "z": 0
        },
        "carDirection": 6
      },
      {
        "idCar": 35,
        "carColor": 5,
        "carSize": 0,
        "carPosition": {
          "x": -2.1323332609953702,
          "y": -7.239518907335069,
          "z": 0
        },
        "carDirection": 6
      },
      {
        "idCar": 34,
        "carColor": 2,
        "carSize": 0,
        "carPosition": {
          "x": -1.4126191315827545,
          "y": -8.02702048972801,
          "z": 0
        },
        "carDirection": 6
      },
      {
        "idCar": 33,
        "carColor": 6,
        "carSize": 0,
        "carPosition": {
          "x": 0.2546669288917824,
          "y": -8.05351878978588,
          "z": 0
        },
        "carDirection": 6
      },
      {
        "idCar": 32,
        "carColor": 2,
        "carSize": 0,
        "carPosition": {
          "x": -2.3175184461805554,
          "y": -5.448445072880498,
          "z": 0
        },
        "carDirection": 6
      },
      {
        "idCar": 31,
        "carColor": 1,
        "carSize": 0,
        "carPosition": {
          "x": -0.5813333016854745,
          "y": -7.239518907335069,
          "z": 0
        },
        "carDirection": 6
      },
      {
        "idCar": 30,
        "carColor": 5,
        "carSize": 2,
        "carPosition": {
          "x": 1.6278516981336804,
          "y": -4.535445036711516,
          "z": 0
        },
        "carDirection": 6
      },
      {
        "idCar": 29,
        "carColor": 4,
        "carSize": 0,
        "carPosition": {
          "x": -4.4090044939959485,
          "y": -3.2648891872829857,
          "z": 0
        },
        "carDirection": 4
      },
      {
        "idCar": 28,
        "carColor": 2,
        "carSize": 0,
        "carPosition": {
          "x": -0.5813333016854745,
          "y": -5.448445072880498,
          "z": 0
        },
        "carDirection": 6
      },
      {
        "idCar": 27,
        "carColor": 4,
        "carSize": 0,
        "carPosition": {
          "x": 1.881299054181134,
          "y": -8.047867951569733,
          "z": 0
        },
        "carDirection": 6
      },
      {
        "idCar": 26,
        "carColor": 1,
        "carSize": 0,
        "carPosition": {
          "x": 4.570638020833333,
          "y": -3.127838134765625,
          "z": 0
        },