{
  "LevelData": {
    "Time": null,
    "LevelScaleFactor": 1,
    "ParkingSpaceInit": 4,
    "GuestColor": [
      5,
      5,
      5,
      5,
      4,
      4,
      4,
      4,
      3,
      3,
      3,
      3,
      1,
      1,
      1,
      1,
      2,
      2,
      2,
      2,
      3,
      3,
      3,
      3,
      1,
      1,
      1,
      1,
      1,
      1,
      1,
      1,
      3,
      3,
      3,
      3,
      4,
      4,
      4,
      4,
      3,
      3,
      3,
      3,
      4,
      4,
      4,
      4,
      4,
      4,
      4,
      4,
      4,
      4,
      2,
      2,
      2,
      2,
      12,
      12,
      12,
      12,
      3,
      3,
      3,
      3,
      3,
      3,
      2,
      2,
      2,
      2,
      2,
      2,
      2,
      2,
      2,
      2,
      3,
      3,
      3,
      3,
      3,
      3,
      12,
      12,
      12,
      12,
      5,
      5,
      5,
      5,
      5,
      5,
      5,
      5,
      5,
      5,
      5,
      5,
      5,
      5,
      5,
      5,
      5,
      5,
      5,
      5,
      5,
      5,
      3,
      3,
      3,
      3,
      3,
      3,
      3,
      3,
      3,
      3,
      5,
      5,
      5,
      5,
      5,
      5,
      12,
      12,
      12,
      12,
      2,
      2,
      2,
      2,
      2,
      2,
      3,
      3,
      3,
      3,
      3,
      3,
      3,
      3,
      3,
      3,
      4,
      4,
      4,
      4,
      4,
      4,
      4,
      4,
      4,
      4,
      3,
      3,
      3,
      3,
      3,
      3,
      12,
      12,
      12,
      12,
      3,
      3,
      3,
      3,
      2,
      2,
      2,
      2,
      2,
      2,
      1,
      1,
      1,
      1,
      3,
      3,
      3,
      3,
      3,
      3,
      4,
      4,
      4,
      4,
      1,
      1,
      1,
      1,
      1,
      1,
      4,
      4,
      4,
      4,
      2,
      2,
      2,
      2,
      1,
      1,
      1,
      1,
      4,
      4,
      4,
      4,
      4,
      4,
      4,
      4,
      4,
      4,
      4,
      4,
      4,
      4,
      3,
      3,
      3,
      3,
      2,
      2,
      2,
      2
    ],
    "CarInfo": [
      {
        "idCar": 45,
        "carColor": 5,
        "carSize": 0,
        "carPosition": {
          "x": -2.3560271086516202,
          "y": -6.798916286892361,
          "z": 0
        },
        "carDirection": 6
      },
      {
        "idCar": 44,
        "carColor": 4,
        "carSize": 0,
        "carPosition": {
          "x": -2.3570291024667243,
          "y": -5.961181640625,
          "z": 0
        },
        "carDirection": 6
      },
      {
        "idCar": 43,
        "carColor": 3,
        "carSize": 0,
        "carPosition": {
          "x": -2.356951113100405,
          "y": -5.059315434208623,
          "z": 0
        },
        "carDirection": 6
      },
      {
        "idCar": 42,
        "carColor": 1,
        "carSize": 0,
        "carPosition": {
          "x": -2.357953106915509,
          "y": -4.221580787941261,
          "z": 0
        },
        "carDirection": 6
      },
      {
        "idCar": 41,
        "carColor": 2,
        "carSize": 0,
        "carPosition": {
          "x": 1.327259205005787,
          "y": -3.354787190755208,
          "z": 0
        },
        "carDirection": 2
      },
      {
        "idCar": 40,
        "carColor": 3,
        "carSize": 0,
        "carPosition": {
          "x": 1.3328360098379628,
          "y": -2.4624475549768516,
          "z": 0
        },
        "carDirection": 2
      },
      {
        "idCar": 39,
        "carColor": 1,
        "carSize": 0,
        "carPosition": {
          "x": 1.3343884503399883,
          "y": -1.5851350007233795,
          "z": 0
        },
        "carDirection": 2
      },
      {
        "idCar": 38,
        "carColor": 1,
        "carSize": 0,
        "carPosition": {
          "x": 1.27598797833478,
          "y": -6.79775153266059,
          "z": 0
        },
        "carDirection": 6
      },
      {
        "idCar": 37,
        "carColor": 3,
        "carSize": 0,
        "carPosition": {
          "x": 1.3329919885706019,
          "y": -0.6587162724247685,
          "z": 0
        },
        "carDirection": 2
      },
      {
        "idCar": 36,
        "carColor": 4,
        "carSize": 0,
        "carPosition": {
          "x": 1.3315949616608795,
          "y": 0.26770245587384256,
          "z": 0
        },
        "carDirection": 2
      },
      {
        "idCar": 35,
        "carColor": 3,
        "carSize": 0,
        "carPosition": {
          "x": 1.2749876799406827,
          "y": -5.960017451533565,
          "z": 0
        },
        "carDirection": 6
      },
      {
        "idCar": 34,
        "carColor": 4,
        "carSize": 1,
        "carPosition": {
          "x": 2.7132590964988426,
          "y": -6.410833288122106,
          "z": 0
        },
        "carDirection": 0
      },
      {
        "idCar": 33,
        "carColor": 4,
        "carSize": 0,
        "carPosition": {
          "x": 1.2740631103515625,
          "y": -4.220416598849826,
          "z": 0
        },
        "carDirection": 6
      },
      {
        "idCar": 32,
        "carColor": 2,
        "carSize": 0,
        "carPosition": {
          "x": 1.2750651041666665,
          "y": -5.05814954969618,
          "z": 0
        },
        "carDirection": 6
      },
      {
        "idCar": 31,
        "carColor": 12,
        "carSize": 0,
        "carPosition": {
          "x": -2.7781202528211804,
          "y": -7.861070421006944,
          "z": 0
        },
        "carDirection": 2
      },
      {
        "idCar": 30,
        "carColor": 3,
        "carSize": 1,
        "carPosition": {
          "x": -0.077850341796875,
          "y": -6.410833288122106,
          "z": 0
        },
        "carDirection": 0
      },
      {
        "idCar": 29,
        "carColor": 2,
        "carSize": 2,
        "carPosition": {
          "x": -1.0084008110894096,
          "y": -6.282258775499131,
          "z": 0
        },
        "carDirection": 0
      },
      {
        "idCar": 28,
        "carColor": 3,
        "carSize": 1,
        "carPosition": {
          "x": 2.7132590964988426,
          "y": -4.730147750289351,
          "z": 0
        },
        "carDirection": 0
      },
      {
        "idCar": 27,
        "carColor": 12,
        "carSize": 0,
        "carPosition": {
          "x": -0.03635434751157407,
          "y": -4.818644205729166,
          "z": 0
        },
        "carDirection": 0
      },
      {
        "idCar": 26,
        "carColor": 5,
        "carSize": 1,
        "carPosition": {
          "x": 2.7132590964988426,
          "y": -3.1131478768807868,
          "z": 0
        },
        "carDirection": 0
      },
      {
        "idCar": 25,
        "carColor": 5,
        "carSize": 1,
        "carPosition": {
          "x": -0.950693201135706,
          "y": -4.163840964988426,
          "z": 0
        },
        "carDirection": 0
      },
      {
        "idCar": 24,
        "carColor": 5,
        "carSize": 2,
        "carPosition": {
          "x": -0.3777409306278935,
          "y": -7.854147451895254,
          "z": 0
        },
        "carDirection": 2
      },
      {
        "idCar": 23,
        "carColor": 3,
        "carSize": 2,
        "carPosition": {
          "x": -1.0074072943793402,
          "y": -2.336796513310185,
          "z": 0
        },
        "carDirection": 0
      },
      {
        "idCar": 22,
        "carColor": 5,
        "carSize": 1,
        "carPosition": {
          "x": 0.000827930591724537,
          "y": -3.0014784071180554,
          "z": 0
        },
        "carDirection": 0
      },
      {
        "idCar": 21,
        "carColor": 12,
        "carSize": 0,
        "carPosition": {
          "x": 2.078495732060185,
          "y": -7.8589076289424185,
          "z": 0
        },