{
  "LevelData": {
    "Time": null,
    "LevelScaleFactor": 1,
    "ParkingSpaceInit": 4,
    "GuestColor": [
      11,
      11,
      11,
      11,
      4,
      4,
      4,
      4,
      4,
      4,
      4,
      4,
      4,
      4,
      12,
      12,
      12,
      12,
      15,
      15,
      15,
      15,
      11,
      11,
      11,
      11,
      2,
      2,
      2,
      2,
      2,
      2,
      2,
      2,
      2,
      2,
      4,
      4,
      4,
      4,
      4,
      4,
      11,
      11,
      11,
      11,
      7,
      7,
      7,
      7,
      7,
      7,
      7,
      7,
      7,
      7,
      15,
      15,
      15,
      15,
      15,
      15,
      15,
      15,
      8,
      8,
      8,
      8,
      8,
      8,
      8,
      8,
      8,
      8,
      1,
      1,
      1,
      1,
      1,
      1,
      8,
      8,
      8,
      8,
      7,
      7,
      7,
      7,
      3,
      3,
      3,
      3,
      3,
      3,
      3,
      3,
      3,
      3,
      1,
      1,
      1,
      1,
      1,
      1,
      4,
      4,
      4,
      4,
      4,
      4,
      4,
      4,
      4,
      4,
      1,
      1,
      1,
      1,
      1,
      1,
      1,
      1,
      1,
      1,
      15,
      15,
      15,
      15,
      4,
      4,
      4,
      4,
      1,
      1,
      1,
      1,
      1,
      1,
      1,
      1,
      1,
      1,
      2,
      2,
      2,
      2,
      2,
      2,
      2,
      2,
      2,
      2,
      2,
      2,
      2,
      2,
      2,
      2,
      12,
      12,
      12,
      12,
      4,
      4,
      4,
      4,
      4,
      4,
      1,
      1,
      1,
      1,
      1,
      1,
      2,
      2,
      2,
      2,
      2,
      2,
      2,
      2,
      2,
      2,
      2,
      2,
      2,
      2,
      2,
      2,
      2,
      2,
      2,
      2,
      2,
      2,
      2,
      2,
      4,
      4,
      4,
      4,
      4,
      4,
      4,
      4,
      4,
      4,
      2,
      2,
      2,
      2,
      2,
      2,
      3,
      3,
      3,
      3,
      3,
      3,
      3,
      3,
      3,
      3,
      1,
      1,
      1,
      1,
      1,
      1,
      1,
      1,
      1,
      1,
      3,
      3,
      3,
      3
    ],
    "CarInfo": [
      {
        "idCar": 44,
        "carColor": 11,
        "carSize": 0,
        "carPosition": {
          "x": 0.8286251491970485,
          "y": -2.962962962962963,
          "z": 0
        },
        "carDirection": 7
      },
      {
        "idCar": 43,
        "carColor": 4,
        "carSize": 2,
        "carPosition": {
          "x": 1.0380169903790508,
          "y": -1.735253228081597,
          "z": 0
        },
        "carDirection": 2
      },
      {
        "idCar": 42,
        "carColor": 12,
        "carSize": 0,
        "carPosition": {
          "x": 1.4831017388237846,
          "y": -0.6340716326678241,
          "z": 0
        },
        "carDirection": 2
      },
      {
        "idCar": 41,
        "carColor": 15,
        "carSize": 0,
        "carPosition": {
          "x": -0.5518324110243056,
          "y": -0.9421906647858795,
          "z": 0
        },
        "carDirection": 3
      },
      {
        "idCar": 40,
        "carColor": 11,
        "carSize": 0,
        "carPosition": {
          "x": -0.6222590693721064,
          "y": -2.7118145978009256,
          "z": 0
        },
        "carDirection": 1
      },
      {
        "idCar": 39,
        "carColor": 2,
        "carSize": 2,
        "carPosition": {
          "x": 2.1317641646773726,
          "y": -3.186351634837963,
          "z": 0
        },
        "carDirection": 3
      },
      {
        "idCar": 38,
        "carColor": 4,
        "carSize": 1,
        "carPosition": {
          "x": 0.6528563322844328,
          "y": -4.318895128038195,
          "z": 0
        },
        "carDirection": 5
      },
      {
        "idCar": 37,
        "carColor": 11,
        "carSize": 0,
        "carPosition": {
          "x": 2.232412267614294,
          "y": -4.62943352593316,
          "z": 0
        },
        "carDirection": 7
      },
      {
        "idCar": 36,
        "carColor": 7,
        "carSize": 2,
        "carPosition": {
          "x": -2.1045633951822915,
          "y": -2.900490089699074,
          "z": 0
        },
        "carDirection": 4
      },
      {
        "idCar": 35,
        "carColor": 15,
        "carSize": 0,
        "carPosition": {
          "x": 0.25083301685474535,
          "y": -5.106015805844907,
          "z": 0
        },
        "carDirection": 1
      },
      {
        "idCar": 34,
        "carColor": 15,
        "carSize": 0,
        "carPosition": {
          "x": -1.315259015118634,
          "y": -4.264629222728588,
          "z": 0
        },
        "carDirection": 3
      },
      {
        "idCar": 33,
        "carColor": 8,
        "carSize": 2,
        "carPosition": {
          "x": -0.6521651656539351,
          "y": -5.783264725296585,
          "z": 0
        },
        "carDirection": 5
      },
      {
        "idCar": 31,
        "carColor": 1,
        "carSize": 1,
        "carPosition": {
          "x": -0.744167751736111,
          "y": -7.687882034866898,
          "z": 0
        },
        "carDirection": 7
      },
      {
        "idCar": 28,
        "carColor": 8,
        "carSize": 0,
        "carPosition": {
          "x": 4.142038981119791,
          "y": -3.065945095486111,
          "z": 0
        },
        "carDirection": 7
      },
      {
        "idCar": 24,
        "carColor": 7,
        "carSize": 0,
        "carPosition": {
          "x": 2.9884134928385415,
          "y": -7.500453807689525,
          "z": 0
        },
        "carDirection": 4
      },
      {
        "idCar": 23,
        "carColor": 3,
        "carSize": 2,
        "carPosition": {
          "x": -2.039582711678964,
          "y": -6.197621663411458,
          "z": 0
        },
        "carDirection": 1
      },
      {
        "idCar": 22,
        "carColor": 1,
        "carSize": 1,
        "carPosition": {
          "x": -4.483003969545718,
          "y": -7.580156679506655,
          "z": 0
        },
        "carDirection": 2
      },
      {
        "idCar": 21,
        "carColor": 4,
        "carSize": 2,
        "carPosition": {
          "x": 1.2965534351490162,
          "y": -7.52228687427662,
          "z": 0
        },
        "carDirection": 7
      },
      {
        "idCar": 20,
        "carColor": 1,
        "carSize": 2,
        "carPosition": {
          "x": -3.3364517777054394,
          "y": 0.5897815845630787,
          "z": 0
        },
        "carDirection": 6
      },
      {
        "idCar": 19,
        "carColor": 15,
        "carSize": 0,
        "carPosition": {
          "x": -2.8696328622323493,
          "y": -1.046547218605324,
          "z": 0
        },
        "carDirection": 3
      },
      {
        "idCar": 17,
        "carColor": 4,
        "carSize": 0,
        "carPosition": {
          "x": -3.739032038935908,
          "y": -6.072860152633101,
          "z": 0
        },
        "carDirection": 1
      },
      {
        "idCar": 16,
        "carColor": 1,
        "carSize": 2,
        "carPosition": {
          "x": 3.880923800998264,
          "y": -1.2514512803819444,
          "z": 0
        },
        "carDirection": 4
      },
      {
        "idCar": 15,
        "carColor": 2,
        "carSize": 0,
        "carPosition": {
          "x": 1.406353985821759,
          "y": 0.3641538266782407,
          "z": 0
        },
        "carDirection": 6
      },
      {
        "idCar": 14,
        "carColor": 2,
        "carSize": 1,
        "carPosition": {
          "x": 2.73433996129919,
          "y": -5.794620655201099,
          "z": 0
        },
        "carDirection": 5
      },
      {
        "idCar": 13,
        "carColor": 2,
        "carSize": 1,