{
  "LevelData": {
    "Time": null,
    "LevelScaleFactor": 1,
    "ParkingSpaceInit": 4,
    "GuestColor": [
      2,
      2,
      2,
      2,
      2,
      2,
      4,
      4,
      4,
      4,
      4,
      4,
      4,
      4,
      4,
      4,
      4,
      4,
      2,
      2,
      2,
      2,
      2,
      2,
      3,
      3,
      3,
      3,
      3,
      3,
      3,
      3,
      3,
      3,
      3,
      3,
      3,
      3,
      3,
      3,
      3,
      3,
      3,
      3,
      3,
      3,
      4,
      4,
      4,
      4,
      4,
      4,
      4,
      4,
      4,
      4,
      3,
      3,
      3,
      3,
      3,
      3,
      3,
      3,
      3,
      3,
      4,
      4,
      4,
      4,
      4,
      4,
      3,
      3,
      3,
      3,
      4,
      4,
      4,
      4,
      4,
      4,
      4,
      4,
      4,
      4,
      4,
      4,
      4,
      4,
      4,
      4,
      4,
      4,
      4,
      4,
      3,
      3,
      3,
      3,
      3,
      3,
      2,
      2,
      2,
      2,
      4,
      4,
      4,
      4,
      4,
      4,
      4,
      4,
      4,
      4,
      4,
      4,
      4,
      4,
      4,
      4,
      4,
      4,
      2,
      2,
      2,
      2,
      2,
      2,
      2,
      2,
      2,
      2,
      2,
      2,
      2,
      2,
      2,
      2,
      7,
      7,
      7,
      7,
      7,
      7,
      4,
      4,
      4,
      4,
      15,
      15,
      15,
      15,
      7,
      7,
      7,
      7,
      7,
      7,
      4,
      4,
      4,
      4,
      7,
      7,
      7,
      7,
      5,
      5,
      5,
      5,
      5,
      5,
      15,
      15,
      15,
      15,
      5,
      5,
      5,
      5,
      5,
      5,
      7,
      7,
      7,
      7,
      8,
      8,
      8,
      8,
      8,
      8,
      2,
      2,
      2,
      2,
      2,
      2,
      2,
      2,
      2,
      2,
      2,
      2,
      2,
      2,
      15,
      15,
      15,
      15,
      8,
      8,
      8,
      8,
      8,
      8,
      5,
      5,
      5,
      5,
      5,
      5
    ],
    "CarInfo": [
      {
        "idCar": 52,
        "carColor": 5,
        "carSize": 1,
        "carPosition": {
          "x": -0.5500002260561342,
          "y": -0.3744077329282407,
          "z": 0
        },
        "carDirection": 4
      },
      {
        "idCar": 51,
        "carColor": 8,
        "carSize": 1,
        "carPosition": {
          "x": 1.6321405481409144,
          "y": -2.787194146050347,
          "z": 0
        },
        "carDirection": 4
      },
      {
        "idCar": 50,
        "carColor": 15,
        "carSize": 0,
        "carPosition": {
          "x": -0.5169999864366319,
          "y": -2.3324076334635415,
          "z": 0
        },
        "carDirection": 4
      },
      {
        "idCar": 49,
        "carColor": 2,
        "carSize": 0,
        "carPosition": {
          "x": -1.851740519205729,
          "y": 0.7842215078848379,
          "z": 0
        },
        "carDirection": 2
      },
      {
        "idCar": 48,
        "carColor": 2,
        "carSize": 2,
        "carPosition": {
          "x": -1.5711850766782407,
          "y": -0.8694073712384259,
          "z": 0
        },
        "carDirection": 4
      },
      {
        "idCar": 47,
        "carColor": 8,
        "carSize": 1,
        "carPosition": {
          "x": -1.531700981987847,
          "y": -2.8531075936776618,
          "z": 0
        },
        "carDirection": 4
      },
      {
        "idCar": 45,
        "carColor": 7,
        "carSize": 0,
        "carPosition": {
          "x": 0.20525953504774305,
          "y": -6.519778216326678,
          "z": 0
        },
        "carDirection": 6
      },
      {
        "idCar": 44,
        "carColor": 5,
        "carSize": 1,
        "carPosition": {
          "x": 1.8186300772207753,
          "y": -5.3390378598813655,
          "z": 0
        },
        "carDirection": 4
      },
      {
        "idCar": 43,
        "carColor": 15,
        "carSize": 0,
        "carPosition": {
          "x": -0.4124445032190393,
          "y": -5.617778636791088,
          "z": 0
        },
        "carDirection": 2
      },
      {
        "idCar": 42,
        "carColor": 5,
        "carSize": 1,
        "carPosition": {
          "x": -2.4511851557978876,
          "y": -5.254778261537905,
          "z": 0
        },
        "carDirection": 4
      },
      {
        "idCar": 40,
        "carColor": 7,
        "carSize": 0,
        "carPosition": {
          "x": 3.4364104094328702,
          "y": -4.121693363896123,
          "z": 0
        },
        "carDirection": 6
      },
      {
        "idCar": 37,
        "carColor": 4,
        "carSize": 0,
        "carPosition": {
          "x": 1.868074205186632,
          "y": -6.514112684461805,
          "z": 0
        },
        "carDirection": 6
      },
      {
        "idCar": 36,
        "carColor": 7,
        "carSize": 1,
        "carPosition": {
          "x": -0.010999891493055554,
          "y": -4.088777895326968,
          "z": 0
        },
        "carDirection": 2
      },
      {
        "idCar": 34,
        "carColor": 15,
        "carSize": 0,
        "carPosition": {
          "x": 0.4169000696252893,
          "y": -2.590962727864583,
          "z": 0
        },
        "carDirection": 0
      },
      {
        "idCar": 33,
        "carColor": 4,
        "carSize": 0,
        "carPosition": {
          "x": 3.336076524522569,
          "y": -5.360376428674768,
          "z": 0
        },
        "carDirection": 6
      },
      {
        "idCar": 31,
        "carColor": 7,
        "carSize": 1,
        "carPosition": {
          "x": 0.38500015823929395,
          "y": -0.5595929181134259,
          "z": 0
        },
        "carDirection": 0
      },
      {
        "idCar": 30,
        "carColor": 2,
        "carSize": 1,
        "carPosition": {
          "x": -3.7986294781720193,
          "y": -1.219593189380787,
          "z": 0
        },
        "carDirection": 4
      },
      {
        "idCar": 29,
        "carColor": 2,
        "carSize": 0,
        "carPosition": {
          "x": -1.921370329680266,
          "y": -4.143778483072916,
          "z": 0
        },
        "carDirection": 2
      },
      {
        "idCar": 28,
        "carColor": 2,
        "carSize": 1,
        "carPosition": {
          "x": 0.7297408492476851,
          "y": 0.782406277126736,
          "z": 0
        },
        "carDirection": 6
      },
      {
        "idCar": 26,
        "carColor": 4,
        "carSize": 0,
        "carPosition": {
          "x": 1.6481848822699652,
          "y": -4.143778483072916,
          "z": 0
        },
        "carDirection": 6
      },
      {
        "idCar": 24,
        "carColor": 4,
        "carSize": 0,
        "carPosition": {
          "x": -3.68724286114728,
          "y": -4.106211909541377,
          "z": 0
        },
        "carDirection": 2
      },
      {
        "idCar": 23,
        "carColor": 4,
        "carSize": 1,
        "carPosition": {
          "x": -2.483245284469039,
          "y": -2.8173624674479165,
          "z": 0
        },
        "carDirection": 0
      },
      {
        "idCar": 21,
        "carColor": 4,
        "carSize": 0,
        "carPosition": {
          "x": -1.1330001265914351,
          "y": -4.858778776945891,
          "z": 0
        },
        "carDirection": 6
      },
      {
        "idCar": 18,
        "carColor": 2,
        "carSize": 0,
        "carPosition": {
          "x": 0.38500015823929395,
          "y": -4.858778776945891,
          "z": 0
        },
        "carDirection": 6
      },
      {
        "idCar": 17,
        "carColor": 3,
        "carSize": 1,
        "carPosition": {
          "x": 2.980889214409722,
          "y": -1.219593189380787,
          "z": 0
        },