{
  "LevelData": {
    "LevelScaleFactor": 1.0,
    "ParkingSpaceInit": 4,
    "GuestColor": [
      8,
      2,
      6,
      7,
      2,
      7,
      6,
      8,
      6,
      2,
      6,
      8,
      2,
      6,
      8,
      7,
      2,
      8,
      6,
      7,
      7,
      8,
      2,
      7,
      5,
      1,
      5,
      5,
      3,
      3,
      1,
      1,
      3,
      3,
      1,
      4,
      1,
      4,
      1,
      5,
      5,
      4,
      5,
      4,
      3,
      3,
      4,
      4,
      4,
      2,
      7,
      2,
      6,
      4,
      6,
      6,
      2,
      6,
      7,
      2,
      6,
      6,
      4,
      7,
      6,
      4,
      6,
      7,
      2,
      2,
      7,
      8,
      7,
      8,
      6,
      7,
      8,
      7,
      6,
      6,
      7,
      7,
      8,
      6,
      6,
      8,
      8,
      2,
      2,
      2,
      2,
      6,
      7,
      2,
      6,
      8,
      6,
      7,
      8,
      8,
      6,
      7,
      2,
      8,
      7,
      6,
      2,
      2,
      1,
      5,
      3,
      1,
      5,
      4,
      3,
      4,
      1,
      5,
      4,
      1,
      4,
      5,
      4,
      5,
      3,
      1,
      4,
      1,
      3,
      1,
      3,
      1,
      3,
      4,
      5,
      4,
      5,
      3,
      4,
      3,
      5,
      1,
      3,
      5,
      4,
      3,
      1,
      5,
      1,
      3,
      8,
      5,
      1,
      1,
      8,
      1,
      5,
      3,
      5,
      3,
      8,
      5,
      3,
      8
    ],
    "CarInfo": [
      {
        "carColor": 6,
        "carSize": 1,
        "carPosition": {
          "x": -5.63,
          "y": -0.01,
          "z": 0.0,
          "normalized": {
            "x": -0.9999984,
            "y": -0.001776196,
            "z": 0.0,
            "normalized": {
              "x": -0.99999845,
              "y": -0.00177619606,
              "z": 0.0,
              "magnitude": 1.0,
              "sqrMagnitude": 1.0
            },
            "magnitude": 0.99999994,
            "sqrMagnitude": 0.99999994
          },
          "magnitude": 5.630009,
          "sqrMagnitude": 31.697
        },
        "carDirection": 1
      },
      {
        "carColor": 4,
        "carSize": 1,
        "carPosition": {
          "x": -4.08,
          "y": 0.030000031,
          "z": 0.0,
          "normalized": {
            "x": -0.999973,
            "y": 0.00735275028,
            "z": 0.0,
            "magnitude": 1.0,
            "sqrMagnitude": 1.00000012
          },
          "magnitude": 4.08011,
          "sqrMagnitude": 16.6472988
        },
        "carDirection": 1
      },
      {
        "carColor": 8,
        "carSize": 1,
        "carPosition": {
          "x": -2.45000029,
          "y": -0.01999998,
          "z": 0.0,
          "normalized": {
            "x": -0.999966741,
            "y": -0.008162985,
            "z": 0.0,
            "magnitude": 1.0,
            "sqrMagnitude": 1.00000012
          },
          "magnitude": 2.45008183,
          "sqrMagnitude": 6.00290155
        },
        "carDirection": 1
      },
      {
        "carColor": 3,
        "carSize": 1,
        "carPosition": {
          "x": -0.850000262,
          "y": -0.03999996,
          "z": 0.0,
          "normalized": {
            "x": -0.9988945,
            "y": -0.04700674,
            "z": 0.0,
            "normalized": {
              "x": -0.9988946,
              "y": -0.0470067449,
              "z": 0.0,
              "magnitude": 1.0,
              "sqrMagnitude": 1.0
            },
            "magnitude": 0.99999994,
            "sqrMagnitude": 0.9999999
          },
          "magnitude": 0.850940943,
          "sqrMagnitude": 0.7241005
        },
        "carDirection": 1
      },
      {
        "carColor": 2,
        "carSize": 1,
        "carPosition": {
          "x": 0.779999733,
          "y": -0.0500000119,
          "z": 0.0,
          "normalized": {
            "x": 0.997951746,
            "y": -0.0639713,
            "z": 0.0,
            "magnitude": 1.0,
            "sqrMagnitude": 1.0
          },
          "magnitude": 0.781600654,
          "sqrMagnitude": 0.610899568
        },
        "carDirection": 7
      },
      {
        "carColor": 1,
        "carSize": 1,
        "carPosition": {
          "x": 2.39999962,
          "y": 0.00999999,
          "z": 0.0,
          "normalized": {
            "x": 0.999991357,
            "y": 0.0041666273,
            "z": 0.0,
            "magnitude": 1.0,
            "sqrMagnitude": 1.00000012
          },
          "magnitude": 2.40002036,
          "sqrMagnitude": 5.760098
        },
        "carDirection": 7
      },
      {
        "carColor": 7,
        "carSize": 1,
        "carPosition": {
          "x": 4.04,
          "y": -0.0299999714,
          "z": 0.0,
          "normalized": {
            "x": 0.9999724,
            "y": -0.00742553035,
            "z": 0.0,
            "magnitude": 1.0,
            "sqrMagnitude": 0.99999994
          },
          "magnitude": 4.04011154,
          "sqrMagnitude": 16.3225
        },
        "carDirection": 7
      },
      {
        "carColor": 5,
        "carSize": 1,
        "carPosition": {
          "x": 5.62,
          "y": -0.0899999738,
          "z": 0.0,
          "normalized": {
            "x": 0.9998718,
            "y": -0.0160121769,
            "z": 0.0,
            "magnitude": 1.0,
            "sqrMagnitude": 1.0
          },
          "magnitude": 5.62072039,
          "sqrMagnitude": 31.5924988
        },
        "carDirection": 7
      },
      {
        "carColor": 4,
        "carSize": 0,
        "carPosition": {
          "x": -3.66,
          "y": -1.34,
          "z": 0.0,
          "normalized": {
            "x": -0.939042032,
            "y": -0.343802273,
            "z": 0.0,
            "magnitude": 1.0,
            "sqrMagnitude": 0.99999994
          },
          "magnitude": 3.89758921,
          "sqrMagnitude": 15.1912
        },
        "carDirection": 0
      },
      {
        "carColor": 8,
        "carSize": 0,
        "carPosition": {
          "x": -2.4400003,
          "y": -1.39,
          "z": 0.0,
          "normalized": {
            "x": -0.8688998,
            "y": -0.494987965,
            "z": 0.0,
            "magnitude": 1.0,
            "sqrMagnitude": 1.0
          },
          "magnitude": 2.808149,
          "sqrMagnitude": 7.885701
        },
        "carDirection": 0
      },
      {
        "carColor": 3,
        "carSize": 0,
        "carPosition": {
          "x": -1.26000023,
          "y": -1.41,
          "z": 0.0,
          "normalized": {
            "x": -0.666331053,
            "y": -0.7456561,
            "z": 0.0,
            "magnitude": 1.0,
            "sqrMagnitude": 1.0
          },
          "magnitude": 1.89095223,
          "sqrMagnitude": 3.57570052
        },
        "carDirection": 0
      },
      {
        "carColor": 2,
        "carSize": 0,
        "carPosition": {
          "x": -0.0600003,
          "y": -1.44,
          "z": 0.0,
          "normalized": {
            "x": -0.0416307524,
            "y": -0.9991331,
            "z": 0.0,
            "magnitude": 1.0,
            "sqrMagnitude": 1.00000012
          },
          "magnitude": 1.44124949,
          "sqrMagnitude": 2.07720017
        },
        "carDirection": 0
      },
      {
        "carColor": 1,
        "carSize": 0,
        "carPosition": {
          "x": 1.15999973,
          "y": -1.44,
          "z": 0.0,
          "normalized": {
            "x": 0.627329469,
            "y": -0.778754,
            "z": 0.0,
            "magnitude": 1.0,
            "sqrMagnitude": 1.0
          },
          "magnitude": 1.84910774,
          "sqrMagnitude": 3.41919947
        },
        "carDirection": 0
      },
      {
        "carColor": 7,
        "carSize": 0,
        "carPosition": {
          "x": 2.33999968,