{
  "LevelData": {
    "ParkingSpaceInit": 4,
    "GuestColor": [
      6,
      6,
      5,
      5,
      6,
      5,
      6,
      6,
      6,
      5,
      5,
      5,
      6,
      6,
      6,
      6,
      5,
      5,
      5,
      5,
      2,
      2,
      2,
      2,
      2,
      2,
      8,
      8,
      8,
      8,
      2,
      2,
      2,
      2,
      6,
      6,
      5,
      5,
      6,
      6,
      6,
      6,
      6,
      5,
      5,
      5,
      5,
      5,
      1,
      1,
      1,
      1,
      1,
      1,
      6,
      6,
      6,
      5,
      5,
      5,
      1,
      1,
      1,
      1,
      7,
      7,
      7,
      7,
      7,
      7,
      7,
      7,
      3,
      3,
      3,
      3,
      4,
      4,
      4,
      4,
      6,
      6,
      6,
      6,
      5,
      5,
      5,
      5,
      8,
      8,
      1,
      1,
      8,
      8,
      7,
      7,
      3,
      3,
      3,
      3,
      8,
      8,
      5,
      5,
      5,
      1,
      3,
      3,
      3,
      5,
      5,
      3,
      5,
      4,
      4,
      4,
      4,
      4,
      1,
      2,
      2,
      2,
      2,
      4,
      4,
      3,
      3,
      2,
      2,
      6,
      6,
      6,
      6,
      4,
      4,
      8,
      8,
      8,
      8,
      6,
      6,
      2,
      2,
      8,
      2,
      8,
      8,
      8,
      8,
      4,
      2,
      7,
      7,
      8,
      8,
      7,
      8,
      1,
      1,
      5,
      5,
      5,
      5,
      5,
      5,
      5,
      1,
      1,
      1,
      1,
      2,
      2,
      6,
      6,
      6,
      6,
      6,
      6,
      3,
      3,
      3,
      3,
      3,
      4,
      4,
      4,
      4,
      7,
      7,
      7,
      5,
      5,
      5,
      4,
      4,
      4,
      4,
      3,
      3,
      3,
      6,
      6,
      5,
      5,
      5,
      4,
      4,
      6,
      6,
      5,
      5,
      5,
      3,
      3,
      7,
      7,
      6,
      6,
      7,
      6,
      6,
      7,
      6,
      6
    ],
    "CarInfo": [
      {
        "carColor": 6,
        "carSize": 0,
        "carPosition": {
          "x": -3.95,
          "y": 0.18,
          "z": 0.0,
          "normalized": {
            "x": -0.9989633,
            "y": 0.04552238,
            "z": 0.0,
            "magnitude": 1.0,
            "sqrMagnitude": 0.99999994
          },
          "magnitude": 3.95409918,
          "sqrMagnitude": 15.6349
        },
        "carDirection": 0
      },
      {
        "carColor": 5,
        "carSize": 0,
        "carPosition": {
          "x": -3.95,
          "y": -1.27,
          "z": 0.0,
          "normalized": {
            "x": -0.9520035,
            "y": -0.306087166,
            "z": 0.0,
            "magnitude": 1.0,
            "sqrMagnitude": 1.0
          },
          "magnitude": 4.14914465,
          "sqrMagnitude": 17.2154
        },
        "carDirection": 0
      },
      {
        "carColor": 6,
        "carSize": 0,
        "carPosition": {
          "x": -3.99000049,
          "y": -2.62999988,
          "z": 0.0,
          "normalized": {
            "x": -0.8349364,
            "y": -0.550346434,
            "z": 0.0,
            "magnitude": 1.0,
            "sqrMagnitude": 0.99999994
          },
          "magnitude": 4.77880764,
          "sqrMagnitude": 22.8370037
        },
        "carDirection": 4
      },
      {
        "carColor": 5,
        "carSize": 0,
        "carPosition": {
          "x": -3.9599998,
          "y": -4.02000046,
          "z": 0.0,
          "normalized": {
            "x": -0.7017703,
            "y": -0.7124033,
            "z": 0.0,
            "magnitude": 1.0,
            "sqrMagnitude": 1.0
          },
          "magnitude": 5.642872,
          "sqrMagnitude": 31.8420029
        },
        "carDirection": 4
      },
      {
        "carColor": 6,
        "carSize": 0,
        "carPosition": {
          "x": -3.92999959,
          "y": -5.50000048,
          "z": 0.0,
          "normalized": {
            "x": -0.581378043,
            "y": -0.813633561,
            "z": 0.0,
            "magnitude": 1.0,
            "sqrMagnitude": 1.0
          },
          "magnitude": 6.75980043,
          "sqrMagnitude": 45.6949
        },
        "carDirection": 4
      },
      {
        "carColor": 1,
        "carSize": 0,
        "carPosition": {
          "x": -2.75000024,
          "y": 0.580000043,
          "z": 0.0,
          "normalized": {
            "x": -0.9784742,
            "y": 0.2063691,
            "z": 0.0,
            "magnitude": 1.0,
            "sqrMagnitude": 0.99999994
          },
          "magnitude": 2.81049848,
          "sqrMagnitude": 7.89890146
        },
        "carDirection": 2
      },
      {
        "carColor": 4,
        "carSize": 2,
        "carPosition": {
          "x": -3.06000018,
          "y": -1.42,
          "z": 0.0,
          "normalized": {
            "x": -0.9070898,
            "y": -0.420937061,
            "z": 0.0,
            "magnitude": 1.0,
            "sqrMagnitude": 0.99999994
          },
          "magnitude": 3.37342572,
          "sqrMagnitude": 11.3800011
        },
        "carDirection": 0
      },
      {
        "carColor": 7,
        "carSize": 1,
        "carPosition": {
          "x": -3.02000022,
          "y": -3.33,
          "z": 0.0,
          "normalized": {
            "x": -0.671786547,
            "y": -0.7407447,
            "z": 0.0,
            "normalized": {
              "x": -0.6717866,
              "y": -0.74074477,
              "z": 0.0,
              "magnitude": 1.0,
              "sqrMagnitude": 1.0
            },
            "magnitude": 0.99999994,
            "sqrMagnitude": 0.9999999
          },
          "magnitude": 4.495476,
          "sqrMagnitude": 20.209301
        },
        "carDirection": 0
      },
      {
        "carColor": 5,
        "carSize": 0,
        "carPosition": {
          "x": -2.56000018,
          "y": -4.45000029,
          "z": 0.0,
          "normalized": {
            "x": -0.4986541,
            "y": -0.8668011,
            "z": 0.0,
            "magnitude": 1.0,
            "sqrMagnitude": 1.0
          },
          "magnitude": 5.13381958,
          "sqrMagnitude": 26.3561039
        },
        "carDirection": 2
      },
      {
        "carColor": 3,
        "carSize": 0,
        "carPosition": {
          "x": -2.53,
          "y": -5.31000042,
          "z": 0.0,
          "normalized": {
            "x": -0.430131525,
            "y": -0.9027662,
            "z": 0.0,
            "magnitude": 1.0,
            "sqrMagnitude": 1.0
          },
          "magnitude": 5.881922,
          "sqrMagnitude": 34.5970039
        },
        "carDirection": 2
      },
      {
        "carColor": 8,
        "carSize": 2,
        "carPosition": {
          "x": -2.19,
          "y": -6.26,
          "z": 0.0,
          "normalized": {
            "x": -0.33021608,
            "y": -0.943905354,
            "z": 0.0,
            "magnitude": 1.0,
            "sqrMagnitude": 1.0
          },
          "magnitude": 6.632021,
          "sqrMagnitude": 43.9837036
        },
        "carDirection": 2
      },
      {
        "carColor": 1,
        "carSize": 2,
        "carPosition": {
          "x": -1.1700002,
          "y": -4.29000044,
          "z": 0.0,
          "normalized": {
            "x": -0.2631174,
            "y": -0.964763761,
            "z": 0.0,
            "normalized": {
              "x": -0.263117433,
              "y": -0.9647638,
              "z": 0.0,
              "magnitude": 1.0,
              "sqrMagnitude": 1.0
            },
            "magnitude": 0.99999994,
            "sqrMagnitude": 0.9999999
          },
          "magnitude": 4.446685,
          "sqrMagnitude": 19.7730045
        },
        "carDirection": 4
      },
      {
        "carColor": 6,
        "carSize": 2,