{"LevelData":{"Time":null,"LevelScaleFactor":1,"ParkingSpaceInit":4,"GuestColor":[3,3,3,3,2,2,2,2,9,9,9,9,9,9,9,9,9,9,8,8,8,8,8,8],"CarInfo":[{"idCar":1,"carColor":3,"carSize":0,"carPosition":{"x":1.448559796368634,"y":-4.368312694408275,"z":0},"carDirection":7},{"idCar":2,"carColor":2,"carSize":0,"carPosition":{"x":0.19753067581741898,"y":-3.644032796223958,"z":0},"carDirection":5},{"idCar":3,"carColor":9,"carSize":2,"carPosition":{"x":-1.1193418149594907,"y":-4.993826972113715,"z":0},"carDirection":7},{"idCar":4,"carColor":8,"carSize":1,"carPosition":{"x":0.5925925925925926,"y":-5.586419564706308,"z":0},"carDirection":1}],"GarageInfo":[],"ConveyorBeltInfo":[],"Group":null}}